scenario_id,scenario_name,current_query,target_query,is_expected,rank,training_course_id,course_name,level,major,sub,hours,method,confidence_score,confidence_grade,final_score,reasons,direct_unit_evidence,sibling_scope_evidence,goal_direct_hits,goal_token_hits,goal_element_hits,goal_unit_core_hits,training_goal_ksa_score,gap_ksa_score,support_score,penalty_score
1,general_affairs_to_labor_management,총무,노무관리,True,1,280,노사관계 계획,5,경영·회계·사무,노무관리,16,집체훈련,1.0,high,1.0,career_path_unit_link;classification_match;delivery_fit;gap_job_base_bridge;level_fit;resolved_scope_unit_link;source_element_coverage;source_ksa_concept_overlap;source_unit_link;target_support_course_hint;time_depth_fit;time_efficiency;training_goal_element_implied_ksa_coverage;training_goal_ksa_coverage;transition_unit_link,True,True,0,0,12,0,0.1489,0.0,0.28,0.0
1,general_affairs_to_labor_management,총무,노무관리,True,2,282,단체교섭준비,5,경영·회계·사무,노무관리,20,집체훈련현장실습,1.0,high,1.0,career_path_unit_link;classification_match;delivery_fit;gap_ksa_concept_coverage;level_fit;practice_delivery_fit;resolved_scope_unit_link;source_ksa_concept_overlap;target_job_base_signal;target_support_course_hint;time_depth_fit;time_efficiency;training_goal_element_implied_ksa_coverage;training_goal_ksa_coverage;unit_element_coverage,True,True,0,2,13,0,0.1868,0.0066,0.24,0.0
1,general_affairs_to_labor_management,총무,노무관리,True,3,283,단체교섭,6,경영·회계·사무,노무관리,24,집체훈련현장실습,1.0,high,1.0,career_path_unit_link;classification_match;delivery_fit;gap_job_base_bridge;gap_ksa_concept_coverage;level_fit;practice_delivery_fit;resolved_scope_unit_link;source_ksa_concept_overlap;target_support_course_hint;time_depth_fit;time_efficiency;training_goal_element_implied_ksa_coverage;training_goal_ksa_coverage;transition_unit_link;unit_element_coverage,True,True,0,2,10,0,0.1856,0.0231,0.22,0.0
1,general_affairs_to_labor_management,총무,노무관리,False,4,281,노사관계 교육훈련,4,경영·회계·사무,노무관리,16,집체훈련현장실습,1.0,high,1.0,career_path_unit_link;classification_match;delivery_fit;gap_job_base_bridge;level_fit;resolved_scope_unit_link;source_ksa_concept_overlap;target_support_course_hint;time_depth_fit;time_efficiency;training_goal_element_implied_ksa_coverage;training_goal_ksa_coverage;unit_element_coverage,True,True,0,2,28,0,0.32,0.0,0.14,0.0
1,general_affairs_to_labor_management,총무,노무관리,False,5,289,노사관계 평가,5,경영·회계·사무,노무관리,16,집체훈련현장실습,1.0,high,1.0,career_path_unit_link;classification_match;delivery_fit;gap_job_base_bridge;level_fit;practice_delivery_fit;resolved_scope_unit_link;source_ksa_concept_overlap;target_support_course_hint;time_depth_fit;time_efficiency;training_goal_element_implied_ksa_coverage;training_goal_ksa_coverage;unit_element_coverage,True,True,0,2,20,0,0.2545,0.0,0.14,0.0
2,labor_management_to_hr_planning,노무관리,인사기획,True,1,266,인사기획,6,경영·회계·사무,인사,24,집체훈련,1.0,high,1.0,career_path_unit_link;classification_match;delivery_fit;level_fit;query_text_match;resolved_scope_unit_link;source_element_coverage;source_ksa_concept_overlap;source_unit_link;target_job_base_signal;target_support_course_hint;time_depth_fit;time_efficiency;training_goal_element_implied_ksa_coverage;training_goal_ksa_coverage;transition_unit_link,True,True,0,2,10,0,0.144,0.0,0.2,0.0
2,labor_management_to_hr_planning,노무관리,인사기획,True,2,267,직무관리,5,경영·회계·사무,인사,24,집체훈련현장실습,0.567,medium,0.5665,classification_match;delivery_fit;level_fit;sibling_classification_link;target_job_base_signal;target_support_course_hint;time_depth_fit;unit_element_coverage,False,True,0,0,0,0,0.0,0.0,0.24,0.0
2,labor_management_to_hr_planning,노무관리,인사기획,True,3,273,임금관리,5,경영·회계·사무,인사,30,집체훈련현장실습,0.48,low,0.4804,classification_match;delivery_fit;level_fit;sibling_classification_link;source_ksa_concept_overlap;target_job_base_signal;target_support_course_hint;time_depth_fit;training_goal_element_implied_ksa_coverage;training_goal_ksa_coverage;unit_element_coverage;diversity_penalty,False,True,0,0,1,0,0.0124,0.0,0.16,-0.03
2,labor_management_to_hr_planning,노무관리,인사기획,True,4,268,인력채용,5,경영·회계·사무,인사,30,집체훈련현장실습,0.48,low,0.4803,classification_match;delivery_fit;level_fit;sibling_classification_link;source_ksa_concept_overlap;target_job_base_signal;target_support_course_hint;time_depth_fit;unit_element_coverage;diversity_penalty,False,True,0,0,0,0,0.0,0.0,0.18,-0.03
2,labor_management_to_hr_planning,노무관리,인사기획,False,5,269,인력이동관리,5,경영·회계·사무,인사,20,집체훈련현장실습,0.41,low,0.4103,classification_match;delivery_fit;level_fit;sibling_classification_link;source_ksa_concept_overlap;target_job_base_signal;target_support_course_hint;time_depth_fit;time_efficiency;unit_element_coverage;diversity_penalty,False,True,0,0,0,0,0.0,0.0,0.1,-0.03
3,recruiting_to_hr_development,인력채용,교육훈련운영,True,1,272,교육훈련운영,4,경영·회계·사무,인사,20,집체훈련현장실습,1.0,high,1.0,career_path_unit_link;classification_match;delivery_fit;gap_job_base_bridge;level_fit;query_text_match;resolved_scope_unit_link;source_element_coverage;source_ksa_concept_overlap;source_unit_link;target_qualification_signal;target_support_course_hint;time_depth_fit;time_efficiency;training_goal_element_implied_ksa_coverage;training_goal_ksa_coverage;transition_unit_link,True,True,0,1,13,0,0.1713,0.0,0.2,0.0
3,recruiting_to_hr_development,인력채용,교육훈련운영,True,2,271,핵심인재관리,5,경영·회계·사무,인사,24,집체훈련현장실습,0.563,medium,0.5627,classification_match;delivery_fit;level_fit;sibling_classification_link;source_ksa_concept_overlap;target_job_base_signal;target_support_course_hint;time_depth_fit;training_goal_element_implied_ksa_coverage;training_goal_ksa_coverage;unit_element_coverage,False,True,0,0,1,0,0.0124,0.0,0.22,0.0
3,recruiting_to_hr_development,인력채용,교육훈련운영,False,3,281,노사관계 교육훈련,4,경영·회계·사무,노무관리,16,집체훈련현장실습,0.489,low,0.4894,classification_match;delivery_fit;level_fit;sibling_classification_link;source_ksa_concept_overlap;target_job_base_signal;target_support_course_hint;time_depth_fit;time_efficiency;training_goal_element_implied_ksa_coverage;training_goal_ksa_coverage;unit_element_coverage,False,True,0,0,2,0,0.0248,0.0,0.1,0.0
3,recruiting_to_hr_development,인력채용,교육훈련운영,False,4,282,단체교섭준비,5,경영·회계·사무,노무관리,20,집체훈련현장실습,0.242,low,0.2419,classification_match;delivery_fit;gap_job_base_bridge;level_fit;non_target_labor_course_penalty;sibling_classification_link;source_ksa_concept_overlap;time_depth_fit;time_efficiency;training_goal_element_implied_ksa_coverage;training_goal_ksa_coverage;unit_element_coverage,False,True,0,0,1,0,0.0056,0.0,0.0,-0.12
3,recruiting_to_hr_development,인력채용,교육훈련운영,False,5,266,인사기획,6,경영·회계·사무,인사,24,집체훈련,0.427,low,0.427,classification_match;delivery_fit;sibling_classification_link;target_job_base_signal;target_support_course_hint;time_depth_fit;unit_element_coverage;diversity_penalty,False,True,0,0,0,0,0.0,0.0,0.16,-0.03
4,general_affairs_to_hr_planning,총무,인사기획,True,1,266,인사기획,6,경영·회계·사무,인사,24,집체훈련,1.0,high,1.0,career_path_unit_link;classification_match;delivery_fit;level_fit;query_text_match;resolved_scope_unit_link;source_element_coverage;source_ksa_concept_overlap;source_unit_link;target_job_base_signal;target_support_course_hint;time_depth_fit;time_efficiency;training_goal_element_implied_ksa_coverage;training_goal_ksa_coverage;transition_unit_link,True,True,0,2,10,0,0.144,0.0,0.2,0.0
4,general_affairs_to_hr_planning,총무,인사기획,True,2,267,직무관리,5,경영·회계·사무,인사,24,집체훈련현장실습,0.567,medium,0.5665,classification_match;delivery_fit;level_fit;sibling_classification_link;target_job_base_signal;target_support_course_hint;time_depth_fit;unit_element_coverage,False,True,0,0,0,0,0.0,0.0,0.24,0.0
4,general_affairs_to_hr_planning,총무,인사기획,False,3,284,단체협약이행,3,경영·회계·사무,노무관리,20,집체훈련현장실습,0.209,low,0.2087,classification_match;delivery_fit;non_target_labor_course_penalty;sibling_classification_link;source_ksa_concept_overlap;target_job_base_signal;time_depth_fit;time_efficiency;training_goal_element_implied_ksa_coverage;training_goal_ksa_coverage;unit_element_coverage,False,True,0,0,1,0,0.0124,0.0,0.0,-0.12
4,general_affairs_to_hr_planning,총무,인사기획,False,4,273,임금관리,5,경영·회계·사무,인사,30,집체훈련현장실습,0.48,low,0.4804,classification_match;delivery_fit;level_fit;sibling_classification_link;source_ksa_concept_overlap;target_job_base_signal;target_support_course_hint;time_depth_fit;training_goal_element_implied_ksa_coverage;training_goal_ksa_coverage;unit_element_coverage;diversity_penalty,False,True,0,0,1,0,0.0124,0.0,0.16,-0.03
4,general_affairs_to_hr_planning,총무,인사기획,True,5,268,인력채용,5,경영·회계·사무,인사,30,집체훈련현장실습,0.48,low,0.4803,classification_match;delivery_fit;level_fit;sibling_classification_link;source_ksa_concept_overlap;target_job_base_signal;target_support_course_hint;time_depth_fit;unit_element_coverage;diversity_penalty,False,True,0,0,0,0,0.0,0.0,0.18,-0.03
5,general_affairs_to_recruiting,총무,인력채용,True,1,268,인력채용,5,경영·회계·사무,인사,30,집체훈련현장실습,1.0,high,1.0,career_path_unit_link;classification_match;delivery_fit;gap_qualification_bridge;level_fit;query_text_match;resolved_scope_unit_link;source_element_coverage;source_ksa_concept_overlap;source_unit_link;target_job_base_signal;target_support_course_hint;time_depth_fit;training_goal_ksa_coverage;transition_unit_link,True,True,0,1,0,0,0.0224,0.0,0.2,0.0
5,general_affairs_to_recruiting,총무,인력채용,True,2,267,직무관리,5,경영·회계·사무,인사,24,집체훈련현장실습,0.579,medium,0.579,classification_match;delivery_fit;gap_qualification_bridge;level_fit;sibling_classification_link;target_job_base_signal;target_support_course_hint;time_depth_fit;unit_element_coverage,False,True,0,0,0,0,0.0,0.0,0.2,0.0
5,general_affairs_to_recruiting,총무,인력채용,False,3,284,단체협약이행,3,경영·회계·사무,노무관리,20,집체훈련현장실습,0.247,low,0.2471,classification_match;delivery_fit;non_target_labor_course_penalty;sibling_classification_link;source_ksa_concept_overlap;target_job_base_signal;time_depth_fit;time_efficiency;training_goal_direct_ksa_coverage;training_goal_ksa_coverage;unit_element_coverage,False,True,1,0,0,0,0.0315,0.0,0.0,-0.12
5,general_affairs_to_recruiting,총무,인력채용,False,4,282,단체교섭준비,5,경영·회계·사무,노무관리,20,집체훈련현장실습,0.239,low,0.2388,classification_match;delivery_fit;level_fit;non_target_labor_course_penalty;sibling_classification_link;source_ksa_concept_overlap;target_job_base_signal;time_depth_fit;time_efficiency;unit_element_coverage,False,True,0,0,0,0,0.0,0.0,0.0,-0.12
5,general_affairs_to_recruiting,총무,인력채용,True,5,266,인사기획,6,경영·회계·사무,인사,24,집체훈련,0.529,medium,0.5287,classification_match;delivery_fit;level_fit;sibling_classification_link;source_ksa_concept_overlap;target_job_base_signal;target_support_course_hint;time_depth_fit;training_goal_element_implied_ksa_coverage;training_goal_ksa_coverage;unit_element_coverage;diversity_penalty,False,True,0,0,1,0,0.0124,0.0,0.22,-0.03
6,general_affairs_to_compensation,총무,임금관리,True,1,273,임금관리,5,경영·회계·사무,인사,30,집체훈련현장실습,1.0,high,1.0,career_path_unit_link;classification_match;delivery_fit;gap_ksa_concept_coverage;gap_qualification_bridge;level_fit;practice_delivery_fit;query_text_match;resolved_scope_unit_link;source_element_coverage;source_ksa_concept_overlap;source_unit_link;target_job_base_signal;target_support_course_hint;time_depth_fit;time_efficiency;training_goal_direct_ksa_coverage;training_goal_element_implied_ksa_coverage;training_goal_ksa_coverage;transition_unit_link,True,True,1,0,7,0,0.1413,0.0236,0.2,0.0
6,general_affairs_to_compensation,총무,임금관리,True,2,274,급여지급,3,경영·회계·사무,인사,20,집체훈련현장실습,0.705,medium,0.7049,classification_match;delivery_fit;gap_ksa_concept_coverage;practice_delivery_fit;sibling_classification_link;source_ksa_concept_overlap;target_job_base_signal;target_support_course_hint;time_depth_fit;time_efficiency;training_goal_direct_ksa_coverage;training_goal_ksa_coverage;unit_element_coverage,False,True,1,0,0,0,0.084,0.0145,0.24,0.0
6,general_affairs_to_compensation,총무,임금관리,False,3,284,단체협약이행,3,경영·회계·사무,노무관리,20,집체훈련현장실습,0.261,low,0.261,classification_match;delivery_fit;gap_ksa_concept_coverage;non_target_labor_course_penalty;practice_delivery_fit;sibling_classification_link;source_ksa_concept_overlap;target_job_base_signal;time_depth_fit;time_efficiency;training_goal_element_implied_ksa_coverage;training_goal_ksa_coverage;unit_element_coverage,False,True,0,0,1,0,0.0248,0.0024,0.0,-0.12
6,general_affairs_to_compensation,총무,임금관리,True,4,266,인사기획,6,경영·회계·사무,인사,24,집체훈련,0.508,medium,0.5076,classification_match;delivery_fit;gap_ksa_concept_coverage;level_fit;sibling_classification_link;source_ksa_concept_overlap;target_job_base_signal;target_support_course_hint;time_depth_fit;training_goal_element_implied_ksa_coverage;training_goal_ksa_coverage;unit_element_coverage;diversity_penalty,False,True,0,0,1,0,0.0248,0.0047,0.18,-0.03
6,general_affairs_to_compensation,총무,임금관리,False,5,275,복리후생관리,4,경영·회계·사무,인사,20,집체훈련현장실습,0.457,low,0.4565,classification_match;delivery_fit;gap_qualification_bridge;level_fit;sibling_classification_link;target_job_base_signal;target_support_course_hint;time_depth_fit;unit_element_coverage;diversity_penalty,False,True,0,0,0,0,0.0,0.0,0.12,-0.03
7,general_affairs_to_benefits,총무,복리후생관리,True,1,275,복리후생관리,4,경영·회계·사무,인사,20,집체훈련현장실습,1.0,high,1.0,career_path_unit_link;classification_match;delivery_fit;gap_qualification_bridge;level_fit;query_text_match;resolved_scope_unit_link;source_element_coverage;source_ksa_concept_overlap;source_unit_link;target_job_base_signal;target_support_course_hint;time_depth_fit;time_efficiency;training_goal_ksa_coverage;transition_unit_link,True,True,0,3,0,0,0.0671,0.0,0.2,0.0
7,general_affairs_to_benefits,총무,복리후생관리,True,2,273,임금관리,5,경영·회계·사무,인사,30,집체훈련현장실습,0.593,medium,0.5925,classification_match;delivery_fit;gap_qualification_bridge;level_fit;sibling_classification_link;target_job_base_signal;target_support_course_hint;time_depth_fit;unit_element_coverage,False,True,0,0,0,0,0.0,0.0,0.22,0.0
7,general_affairs_to_benefits,총무,복리후생관리,True,3,266,인사기획,6,경영·회계·사무,인사,24,집체훈련,0.451,low,0.451,classification_match;delivery_fit;sibling_classification_link;target_job_base_signal;target_support_course_hint;time_depth_fit;unit_element_coverage;diversity_penalty,False,True,0,0,0,0,0.0,0.0,0.18,-0.03
7,general_affairs_to_benefits,총무,복리후생관리,False,4,274,급여지급,3,경영·회계·사무,인사,20,집체훈련현장실습,0.443,low,0.4425,classification_match;delivery_fit;level_fit;sibling_classification_link;target_job_base_signal;target_support_course_hint;time_depth_fit;unit_element_coverage;diversity_penalty,False,True,0,0,0,0,0.0,0.0,0.14,-0.03
7,general_affairs_to_benefits,총무,복리후생관리,False,5,272,교육훈련운영,4,경영·회계·사무,인사,20,집체훈련현장실습,0.394,low,0.394,classification_match;delivery_fit;gap_qualification_bridge;level_fit;sibling_classification_link;target_job_base_signal;target_support_course_hint;time_depth_fit;unit_element_coverage;diversity_penalty,False,True,0,0,0,0,0.0,0.0,0.045,-0.03
8,general_affairs_to_hrd,총무,교육훈련운영,True,1,272,교육훈련운영,4,경영·회계·사무,인사,20,집체훈련현장실습,1.0,high,1.0,career_path_unit_link;classification_match;delivery_fit;gap_qualification_bridge;level_fit;query_text_match;resolved_scope_unit_link;source_element_coverage;source_ksa_concept_overlap;source_unit_link;target_job_base_signal;target_support_course_hint;time_depth_fit;time_efficiency;training_goal_element_implied_ksa_coverage;training_goal_ksa_coverage;transition_unit_link,True,True,0,1,13,0,0.1713,0.0,0.2,0.0
8,general_affairs_to_hrd,총무,교육훈련운영,True,2,271,핵심인재관리,5,경영·회계·사무,인사,24,집체훈련현장실습,0.563,medium,0.5627,classification_match;delivery_fit;level_fit;sibling_classification_link;source_ksa_concept_overlap;target_job_base_signal;target_support_course_hint;time_depth_fit;training_goal_element_implied_ksa_coverage;training_goal_ksa_coverage;unit_element_coverage,False,True,0,0,1,0,0.0124,0.0,0.22,0.0
8,general_affairs_to_hrd,총무,교육훈련운영,False,3,281,노사관계 교육훈련,4,경영·회계·사무,노무관리,16,집체훈련현장실습,0.489,low,0.4894,classification_match;delivery_fit;level_fit;sibling_classification_link;source_ksa_concept_overlap;target_job_base_signal;target_support_course_hint;time_depth_fit;time_efficiency;training_goal_element_implied_ksa_coverage;training_goal_ksa_coverage;unit_element_coverage,False,True,0,0,2,0,0.0248,0.0,0.1,0.0
8,general_affairs_to_hrd,총무,교육훈련운영,False,4,282,단체교섭준비,5,경영·회계·사무,노무관리,20,집체훈련현장실습,0.231,low,0.2309,classification_match;delivery_fit;level_fit;non_target_labor_course_penalty;sibling_classification_link;source_ksa_concept_overlap;target_job_base_signal;time_depth_fit;time_efficiency;training_goal_element_implied_ksa_coverage;training_goal_ksa_coverage;unit_element_coverage,False,True,0,0,1,0,0.0056,0.0,0.0,-0.12
8,general_affairs_to_hrd,총무,교육훈련운영,True,5,266,인사기획,6,경영·회계·사무,인사,24,집체훈련,0.427,low,0.427,classification_match;delivery_fit;sibling_classification_link;target_job_base_signal;target_support_course_hint;time_depth_fit;unit_element_coverage;diversity_penalty,False,True,0,0,0,0,0.0,0.0,0.16,-0.03
9,labor_management_to_compensation,노무관리,임금관리,True,1,273,임금관리,5,경영·회계·사무,인사,30,집체훈련현장실습,1.0,high,1.0,career_path_unit_link;classification_match;delivery_fit;gap_ksa_concept_coverage;gap_qualification_bridge;level_fit;practice_delivery_fit;query_text_match;resolved_scope_unit_link;source_element_coverage;source_ksa_concept_overlap;source_unit_link;target_job_base_signal;target_support_course_hint;time_depth_fit;time_efficiency;training_goal_direct_ksa_coverage;training_goal_element_implied_ksa_coverage;training_goal_ksa_coverage;transition_unit_link,True,True,1,0,7,0,0.1413,0.0236,0.2,0.0
9,labor_management_to_compensation,노무관리,임금관리,True,2,274,급여지급,3,경영·회계·사무,인사,20,집체훈련현장실습,0.705,medium,0.7049,classification_match;delivery_fit;gap_ksa_concept_coverage;practice_delivery_fit;sibling_classification_link;source_ksa_concept_overlap;target_job_base_signal;target_support_course_hint;time_depth_fit;time_efficiency;training_goal_direct_ksa_coverage;training_goal_ksa_coverage;unit_element_coverage,False,True,1,0,0,0,0.084,0.0145,0.24,0.0
9,labor_management_to_compensation,노무관리,임금관리,True,3,282,단체교섭준비,5,경영·회계·사무,노무관리,20,집체훈련현장실습,0.505,medium,0.505,classification_match;current_scope_support_bridge;delivery_fit;level_fit;sibling_classification_link;target_job_base_signal;target_support_course_hint;time_depth_fit;unit_element_coverage,False,True,0,0,0,0,0.0,0.0,0.2,-0.04
9,labor_management_to_compensation,노무관리,임금관리,False,4,283,단체교섭,6,경영·회계·사무,노무관리,24,집체훈련현장실습,0.413,low,0.4125,classification_match;current_scope_support_bridge;delivery_fit;level_fit;sibling_classification_link;target_job_base_signal;target_support_course_hint;time_depth_fit;unit_element_coverage,False,True,0,0,0,0,0.0,0.0,0.12,-0.04
9,labor_management_to_compensation,노무관리,임금관리,False,5,266,인사기획,6,경영·회계·사무,인사,24,집체훈련,0.508,medium,0.5076,classification_match;delivery_fit;gap_ksa_concept_coverage;level_fit;sibling_classification_link;source_ksa_concept_overlap;target_job_base_signal;target_support_course_hint;time_depth_fit;training_goal_element_implied_ksa_coverage;training_goal_ksa_coverage;unit_element_coverage;diversity_penalty,False,True,0,0,1,0,0.0248,0.0047,0.18,-0.03
10,labor_management_to_recruiting,노무관리,인력채용,True,1,268,인력채용,5,경영·회계·사무,인사,30,집체훈련현장실습,1.0,high,1.0,career_path_unit_link;classification_match;delivery_fit;gap_qualification_bridge;level_fit;query_text_match;resolved_scope_unit_link;source_element_coverage;source_ksa_concept_overlap;source_unit_link;target_job_base_signal;target_support_course_hint;time_depth_fit;training_goal_ksa_coverage;transition_unit_link,True,True,0,1,0,0,0.0224,0.0,0.2,0.0
10,labor_management_to_recruiting,노무관리,인력채용,True,2,267,직무관리,5,경영·회계·사무,인사,24,집체훈련현장실습,0.579,medium,0.579,classification_match;delivery_fit;gap_qualification_bridge;level_fit;sibling_classification_link;target_job_base_signal;target_support_course_hint;time_depth_fit;unit_element_coverage,False,True,0,0,0,0,0.0,0.0,0.2,0.0
10,labor_management_to_recruiting,노무관리,인력채용,True,3,266,인사기획,6,경영·회계·사무,인사,24,집체훈련,0.529,medium,0.5287,classification_match;delivery_fit;level_fit;sibling_classification_link;source_ksa_concept_overlap;target_job_base_signal;target_support_course_hint;time_depth_fit;training_goal_element_implied_ksa_coverage;training_goal_ksa_coverage;unit_element_coverage;diversity_penalty,False,True,0,0,1,0,0.0124,0.0,0.22,-0.03
10,labor_management_to_recruiting,노무관리,인력채용,False,4,271,핵심인재관리,5,경영·회계·사무,인사,24,집체훈련현장실습,0.445,low,0.4452,classification_match;delivery_fit;level_fit;sibling_classification_link;source_ksa_concept_overlap;target_job_base_signal;target_support_course_hint;time_depth_fit;training_goal_element_implied_ksa_coverage;training_goal_ksa_coverage;unit_element_coverage;diversity_penalty,False,True,0,0,1,0,0.0124,0.0,0.12,-0.03
10,labor_management_to_recruiting,노무관리,인력채용,False,5,269,인력이동관리,5,경영·회계·사무,인사,20,집체훈련현장실습,0.408,low,0.4078,classification_match;delivery_fit;gap_qualification_bridge;level_fit;sibling_classification_link;source_ksa_concept_overlap;target_job_base_signal;target_support_course_hint;time_depth_fit;time_efficiency;unit_element_coverage;diversity_penalty,False,True,0,0,0,0,0.0,0.0,0.045,-0.03
11,labor_management_to_hrd,노무관리,교육훈련운영,True,1,272,교육훈련운영,4,경영·회계·사무,인사,20,집체훈련현장실습,1.0,high,1.0,career_path_unit_link;classification_match;delivery_fit;gap_qualification_bridge;level_fit;query_text_match;resolved_scope_unit_link;source_element_coverage;source_ksa_concept_overlap;source_unit_link;target_job_base_signal;target_support_course_hint;time_depth_fit;time_efficiency;training_goal_element_implied_ksa_coverage;training_goal_ksa_coverage;transition_unit_link,True,True,0,1,13,0,0.1713,0.0,0.2,0.0
11,labor_management_to_hrd,노무관리,교육훈련운영,True,2,271,핵심인재관리,5,경영·회계·사무,인사,24,집체훈련현장실습,0.563,medium,0.5627,classification_match;delivery_fit;level_fit;sibling_classification_link;source_ksa_concept_overlap;target_job_base_signal;target_support_course_hint;time_depth_fit;training_goal_element_implied_ksa_coverage;training_goal_ksa_coverage;unit_element_coverage,False,True,0,0,1,0,0.0124,0.0,0.22,0.0
11,labor_management_to_hrd,노무관리,교육훈련운영,True,3,281,노사관계 교육훈련,4,경영·회계·사무,노무관리,16,집체훈련현장실습,0.449,low,0.4494,classification_match;current_scope_support_bridge;delivery_fit;level_fit;sibling_classification_link;source_ksa_concept_overlap;target_job_base_signal;target_support_course_hint;time_depth_fit;time_efficiency;training_goal_element_implied_ksa_coverage;training_goal_ksa_coverage;unit_element_coverage,False,True,0,0,2,0,0.0248,0.0,0.1,-0.04
11,labor_management_to_hrd,노무관리,교육훈련운영,False,4,266,인사기획,6,경영·회계·사무,인사,24,집체훈련,0.427,low,0.427,classification_match;delivery_fit;sibling_classification_link;target_job_base_signal;target_support_course_hint;time_depth_fit;unit_element_coverage;diversity_penalty,False,True,0,0,0,0,0.0,0.0,0.16,-0.03
11,labor_management_to_hrd,노무관리,교육훈련운영,False,5,267,직무관리,5,경영·회계·사무,인사,24,집체훈련현장실습,0.417,low,0.4165,classification_match;delivery_fit;gap_qualification_bridge;level_fit;sibling_classification_link;target_job_base_signal;target_support_course_hint;time_depth_fit;unit_element_coverage;diversity_penalty,False,True,0,0,0,0,0.0,0.0,0.08,-0.03
12,labor_management_to_benefits,노무관리,복리후생관리,True,1,275,복리후생관리,4,경영·회계·사무,인사,20,집체훈련현장실습,1.0,high,1.0,career_path_unit_link;classification_match;delivery_fit;gap_job_base_bridge;gap_qualification_bridge;level_fit;query_text_match;resolved_scope_unit_link;source_element_coverage;source_ksa_concept_overlap;source_unit_link;target_support_course_hint;time_depth_fit;time_efficiency;training_goal_ksa_coverage;transition_unit_link,True,True,0,3,0,0,0.0671,0.0,0.2,0.0
12,labor_management_to_benefits,노무관리,복리후생관리,True,2,273,임금관리,5,경영·회계·사무,인사,30,집체훈련현장실습,0.593,medium,0.5925,classification_match;delivery_fit;gap_qualification_bridge;level_fit;sibling_classification_link;target_job_base_signal;target_support_course_hint;time_depth_fit;unit_element_coverage,False,True,0,0,0,0,0.0,0.0,0.22,0.0
12,labor_management_to_benefits,노무관리,복리후생관리,True,3,266,인사기획,6,경영·회계·사무,인사,24,집체훈련,0.451,low,0.451,classification_match;delivery_fit;sibling_classification_link;target_job_base_signal;target_support_course_hint;time_depth_fit;unit_element_coverage;diversity_penalty,False,True,0,0,0,0,0.0,0.0,0.18,-0.03
12,labor_management_to_benefits,노무관리,복리후생관리,False,4,274,급여지급,3,경영·회계·사무,인사,20,집체훈련현장실습,0.443,low,0.4425,classification_match;delivery_fit;level_fit;sibling_classification_link;target_job_base_signal;target_support_course_hint;time_depth_fit;unit_element_coverage;diversity_penalty,False,True,0,0,0,0,0.0,0.0,0.14,-0.03
12,labor_management_to_benefits,노무관리,복리후생관리,False,5,272,교육훈련운영,4,경영·회계·사무,인사,20,집체훈련현장실습,0.394,low,0.394,classification_match;delivery_fit;gap_qualification_bridge;level_fit;sibling_classification_link;target_job_base_signal;target_support_course_hint;time_depth_fit;unit_element_coverage;diversity_penalty,False,True,0,0,0,0,0.0,0.0,0.045,-0.03
13,recruiting_to_hr_planning,인력채용,인사기획,True,1,266,인사기획,6,경영·회계·사무,인사,24,집체훈련,1.0,high,1.0,career_path_unit_link;classification_match;delivery_fit;level_fit;query_text_match;resolved_scope_unit_link;source_element_coverage;source_ksa_concept_overlap;source_unit_link;target_job_base_signal;target_support_course_hint;time_depth_fit;time_efficiency;training_goal_element_implied_ksa_coverage;training_goal_ksa_coverage;transition_unit_link,True,True,0,2,10,0,0.144,0.0,0.2,0.0
13,recruiting_to_hr_planning,인력채용,인사기획,True,2,267,직무관리,5,경영·회계·사무,인사,24,집체훈련현장실습,0.567,medium,0.5665,classification_match;delivery_fit;level_fit;sibling_classification_link;target_job_base_signal;target_support_course_hint;time_depth_fit;unit_element_coverage,False,True,0,0,0,0,0.0,0.0,0.24,0.0
13,recruiting_to_hr_planning,인력채용,인사기획,False,3,284,단체협약이행,3,경영·회계·사무,노무관리,20,집체훈련현장실습,0.209,low,0.2087,classification_match;delivery_fit;non_target_labor_course_penalty;sibling_classification_link;source_ksa_concept_overlap;target_job_base_signal;time_depth_fit;time_efficiency;training_goal_element_implied_ksa_coverage;training_goal_ksa_coverage;unit_element_coverage,False,True,0,0,1,0,0.0124,0.0,0.0,-0.12
13,recruiting_to_hr_planning,인력채용,인사기획,False,4,273,임금관리,5,경영·회계·사무,인사,30,집체훈련현장실습,0.48,low,0.4804,classification_match;delivery_fit;level_fit;sibling_classification_link;source_ksa_concept_overlap;target_job_base_signal;target_support_course_hint;time_depth_fit;training_goal_element_implied_ksa_coverage;training_goal_ksa_coverage;unit_element_coverage;diversity_penalty,False,True,0,0,1,0,0.0124,0.0,0.16,-0.03
13,recruiting_to_hr_planning,인력채용,인사기획,True,5,268,인력채용,5,경영·회계·사무,인사,30,집체훈련현장실습,0.44,low,0.4403,classification_match;current_scope_support_bridge;delivery_fit;level_fit;sibling_classification_link;source_ksa_concept_overlap;target_job_base_signal;target_support_course_hint;time_depth_fit;unit_element_coverage;diversity_penalty,False,True,0,0,0,0,0.0,0.0,0.18,-0.07
14,recruiting_to_compensation,인력채용,임금관리,True,1,273,임금관리,5,경영·회계·사무,인사,30,집체훈련현장실습,1.0,high,1.0,career_path_unit_link;classification_match;delivery_fit;gap_job_base_bridge;gap_ksa_concept_coverage;level_fit;practice_delivery_fit;query_text_match;resolved_scope_unit_link;source_element_coverage;source_ksa_concept_overlap;source_unit_link;target_qualification_signal;target_support_course_hint;time_depth_fit;time_efficiency;training_goal_direct_ksa_coverage;training_goal_element_implied_ksa_coverage;training_goal_ksa_coverage;transition_unit_link,True,True,1,0,7,0,0.1413,0.0236,0.2,0.0
14,recruiting_to_compensation,인력채용,임금관리,True,2,274,급여지급,3,경영·회계·사무,인사,20,집체훈련현장실습,0.708,medium,0.7079,classification_match;delivery_fit;gap_job_base_bridge;gap_ksa_concept_coverage;practice_delivery_fit;sibling_classification_link;source_ksa_concept_overlap;target_support_course_hint;time_depth_fit;time_efficiency;training_goal_direct_ksa_coverage;training_goal_ksa_coverage;unit_element_coverage,False,True,1,0,0,0,0.084,0.0145,0.24,0.0
14,recruiting_to_compensation,인력채용,임금관리,False,3,284,단체협약이행,3,경영·회계·사무,노무관리,20,집체훈련현장실습,0.261,low,0.261,classification_match;delivery_fit;gap_ksa_concept_coverage;non_target_labor_course_penalty;practice_delivery_fit;sibling_classification_link;source_ksa_concept_overlap;target_job_base_signal;time_depth_fit;time_efficiency;training_goal_element_implied_ksa_coverage;training_goal_ksa_coverage;unit_element_coverage,False,True,0,0,1,0,0.0248,0.0024,0.0,-0.12
14,recruiting_to_compensation,인력채용,임금관리,True,4,266,인사기획,6,경영·회계·사무,인사,24,집체훈련,0.508,medium,0.5076,classification_match;delivery_fit;gap_ksa_concept_coverage;level_fit;sibling_classification_link;source_ksa_concept_overlap;target_job_base_signal;target_support_course_hint;time_depth_fit;training_goal_element_implied_ksa_coverage;training_goal_ksa_coverage;unit_element_coverage;diversity_penalty,False,True,0,0,1,0,0.0248,0.0047,0.18,-0.03
14,recruiting_to_compensation,인력채용,임금관리,False,5,275,복리후생관리,4,경영·회계·사무,인사,20,집체훈련현장실습,0.435,low,0.4345,classification_match;delivery_fit;gap_job_base_bridge;level_fit;sibling_classification_link;target_qualification_signal;target_support_course_hint;time_depth_fit;unit_element_coverage;diversity_penalty,False,True,0,0,0,0,0.0,0.0,0.12,-0.03
15,recruiting_to_benefits,인력채용,복리후생관리,True,1,275,복리후생관리,4,경영·회계·사무,인사,20,집체훈련현장실습,1.0,high,1.0,career_path_unit_link;classification_match;delivery_fit;gap_job_base_bridge;level_fit;query_text_match;resolved_scope_unit_link;source_element_coverage;source_ksa_concept_overlap;source_unit_link;target_qualification_signal;target_support_course_hint;time_depth_fit;time_efficiency;training_goal_ksa_coverage;transition_unit_link,True,True,0,3,0,0,0.0671,0.0,0.2,0.0
15,recruiting_to_benefits,인력채용,복리후생관리,True,2,273,임금관리,5,경영·회계·사무,인사,30,집체훈련현장실습,0.571,medium,0.5705,classification_match;delivery_fit;gap_job_base_bridge;level_fit;sibling_classification_link;target_qualification_signal;target_support_course_hint;time_depth_fit;unit_element_coverage,False,True,0,0,0,0,0.0,0.0,0.22,0.0
15,recruiting_to_benefits,인력채용,복리후생관리,True,3,266,인사기획,6,경영·회계·사무,인사,24,집체훈련,0.451,low,0.451,classification_match;delivery_fit;sibling_classification_link;target_job_base_signal;target_support_course_hint;time_depth_fit;unit_element_coverage;diversity_penalty,False,True,0,0,0,0,0.0,0.0,0.18,-0.03
15,recruiting_to_benefits,인력채용,복리후생관리,False,4,274,급여지급,3,경영·회계·사무,인사,20,집체훈련현장실습,0.446,low,0.4455,classification_match;delivery_fit;gap_job_base_bridge;level_fit;sibling_classification_link;target_support_course_hint;time_depth_fit;unit_element_coverage;diversity_penalty,False,True,0,0,0,0,0.0,0.0,0.14,-0.03
15,recruiting_to_benefits,인력채용,복리후생관리,False,5,276,조직문화관리,4,경영·회계·사무,인사,24,집체훈련,0.4,low,0.3998,classification_match;delivery_fit;gap_job_base_bridge;level_fit;sibling_classification_link;source_ksa_concept_overlap;target_support_course_hint;time_depth_fit;unit_element_coverage;diversity_penalty,False,True,0,0,0,0,0.0,0.0,0.08,-0.03
16,compensation_to_hr_planning,임금관리,인사기획,True,1,266,인사기획,6,경영·회계·사무,인사,24,집체훈련,1.0,high,1.0,career_path_unit_link;classification_match;delivery_fit;gap_job_base_bridge;level_fit;query_text_match;resolved_scope_unit_link;source_element_coverage;source_ksa_concept_overlap;source_unit_link;target_support_course_hint;time_depth_fit;time_efficiency;training_goal_element_implied_ksa_coverage;training_goal_ksa_coverage;transition_unit_link,True,True,0,2,10,0,0.144,0.0,0.2,0.0
16,compensation_to_hr_planning,임금관리,인사기획,True,2,267,직무관리,5,경영·회계·사무,인사,24,집체훈련현장실습,0.574,medium,0.5735,classification_match;delivery_fit;gap_job_base_bridge;level_fit;sibling_classification_link;target_support_course_hint;time_depth_fit;unit_element_coverage,False,True,0,0,0,0,0.0,0.0,0.24,0.0
16,compensation_to_hr_planning,임금관리,인사기획,False,3,284,단체협약이행,3,경영·회계·사무,노무관리,20,집체훈련현장실습,0.216,low,0.2157,classification_match;delivery_fit;gap_job_base_bridge;non_target_labor_course_penalty;sibling_classification_link;source_ksa_concept_overlap;time_depth_fit;time_efficiency;training_goal_element_implied_ksa_coverage;training_goal_ksa_coverage;unit_element_coverage,False,True,0,0,1,0,0.0124,0.0,0.0,-0.12
16,compensation_to_hr_planning,임금관리,인사기획,True,4,268,인력채용,5,경영·회계·사무,인사,30,집체훈련현장실습,0.487,low,0.4873,classification_match;delivery_fit;gap_job_base_bridge;level_fit;sibling_classification_link;source_ksa_concept_overlap;target_support_course_hint;time_depth_fit;unit_element_coverage;diversity_penalty,False,True,0,0,0,0,0.0,0.0,0.18,-0.03
16,compensation_to_hr_planning,임금관리,인사기획,False,5,273,임금관리,5,경영·회계·사무,인사,30,집체훈련현장실습,0.44,low,0.4404,classification_match;current_scope_support_bridge;delivery_fit;level_fit;sibling_classification_link;source_ksa_concept_overlap;target_job_base_signal;target_support_course_hint;time_depth_fit;training_goal_element_implied_ksa_coverage;training_goal_ksa_coverage;unit_element_coverage;diversity_penalty,False,True,0,0,1,0,0.0124,0.0,0.16,-0.07
17,compensation_to_labor_management,임금관리,노무관리,True,1,280,노사관계 계획,5,경영·회계·사무,노무관리,16,집체훈련,1.0,high,1.0,career_path_unit_link;classification_match;delivery_fit;gap_job_base_bridge;level_fit;resolved_scope_unit_link;source_element_coverage;source_ksa_concept_overlap;source_unit_link;target_support_course_hint;time_depth_fit;time_efficiency;training_goal_element_implied_ksa_coverage;training_goal_ksa_coverage;transition_unit_link,True,True,0,0,12,0,0.1489,0.0,0.28,0.0
17,compensation_to_labor_management,임금관리,노무관리,True,2,282,단체교섭준비,5,경영·회계·사무,노무관리,20,집체훈련현장실습,1.0,high,1.0,career_path_unit_link;classification_match;delivery_fit;gap_job_base_bridge;gap_ksa_concept_coverage;level_fit;practice_delivery_fit;resolved_scope_unit_link;source_ksa_concept_overlap;target_support_course_hint;time_depth_fit;time_efficiency;training_goal_element_implied_ksa_coverage;training_goal_ksa_coverage;unit_element_coverage,True,True,0,2,13,0,0.1868,0.0066,0.24,0.0
17,compensation_to_labor_management,임금관리,노무관리,True,3,283,단체교섭,6,경영·회계·사무,노무관리,24,집체훈련현장실습,1.0,high,1.0,career_path_unit_link;classification_match;delivery_fit;gap_job_base_bridge;gap_ksa_concept_coverage;level_fit;practice_delivery_fit;resolved_scope_unit_link;source_ksa_concept_overlap;target_support_course_hint;time_depth_fit;time_efficiency;training_goal_element_implied_ksa_coverage;training_goal_ksa_coverage;transition_unit_link;unit_element_coverage,True,True,0,2,10,0,0.1856,0.0231,0.22,0.0
17,compensation_to_labor_management,임금관리,노무관리,False,4,286,노사협의회 운영,4,경영·회계·사무,노무관리,12,집체훈련현장실습,1.0,high,1.0,career_path_unit_link;classification_match;delivery_fit;gap_job_base_bridge;level_fit;practice_delivery_fit;resolved_scope_unit_link;source_ksa_concept_overlap;target_support_course_hint;time_efficiency;training_goal_element_implied_ksa_coverage;training_goal_ksa_coverage;unit_element_coverage,True,True,0,3,18,0,0.2272,0.0,0.18,0.0
17,compensation_to_labor_management,임금관리,노무관리,False,5,281,노사관계 교육훈련,4,경영·회계·사무,노무관리,16,집체훈련현장실습,1.0,high,1.0,career_path_unit_link;classification_match;delivery_fit;gap_job_base_bridge;level_fit;resolved_scope_unit_link;source_ksa_concept_overlap;target_support_course_hint;time_depth_fit;time_efficiency;training_goal_element_implied_ksa_coverage;training_goal_ksa_coverage;unit_element_coverage,True,True,0,2,28,0,0.32,0.0,0.14,0.0
18,compensation_to_benefits,임금관리,복리후생관리,True,1,275,복리후생관리,4,경영·회계·사무,인사,20,집체훈련현장실습,1.0,high,1.0,career_path_unit_link;classification_match;delivery_fit;gap_job_base_bridge;level_fit;query_text_match;resolved_scope_unit_link;source_element_coverage;source_ksa_concept_overlap;source_unit_link;target_qualification_signal;target_support_course_hint;time_depth_fit;time_efficiency;training_goal_ksa_coverage;transition_unit_link,True,True,0,3,0,0,0.0671,0.0,0.2,0.0
18,compensation_to_benefits,임금관리,복리후생관리,True,2,273,임금관리,5,경영·회계·사무,인사,30,집체훈련현장실습,0.528,medium,0.5275,classification_match;current_scope_support_bridge;delivery_fit;level_fit;sibling_classification_link;target_job_base_signal;target_qualification_signal;target_support_course_hint;time_depth_fit;unit_element_coverage,False,True,0,0,0,0,0.0,0.0,0.22,-0.04
18,compensation_to_benefits,임금관리,복리후생관리,False,3,266,인사기획,6,경영·회계·사무,인사,24,집체훈련,0.451,low,0.451,classification_match;delivery_fit;sibling_classification_link;target_job_base_signal;target_support_course_hint;time_depth_fit;unit_element_coverage;diversity_penalty,False,True,0,0,0,0,0.0,0.0,0.18,-0.03
18,compensation_to_benefits,임금관리,복리후생관리,True,4,274,급여지급,3,경영·회계·사무,인사,20,집체훈련현장실습,0.443,low,0.4425,classification_match;delivery_fit;level_fit;sibling_classification_link;target_job_base_signal;target_support_course_hint;time_depth_fit;unit_element_coverage;diversity_penalty,False,True,0,0,0,0,0.0,0.0,0.14,-0.03
18,compensation_to_benefits,임금관리,복리후생관리,False,5,276,조직문화관리,4,경영·회계·사무,인사,24,집체훈련,0.4,low,0.3998,classification_match;delivery_fit;gap_job_base_bridge;level_fit;sibling_classification_link;source_ksa_concept_overlap;target_support_course_hint;time_depth_fit;unit_element_coverage;diversity_penalty,False,True,0,0,0,0,0.0,0.0,0.08,-0.03
19,benefits_to_compensation,복리후생관리,임금관리,True,1,273,임금관리,5,경영·회계·사무,인사,30,집체훈련현장실습,1.0,high,1.0,career_path_unit_link;classification_match;delivery_fit;gap_job_base_bridge;gap_ksa_concept_coverage;level_fit;practice_delivery_fit;query_text_match;resolved_scope_unit_link;source_element_coverage;source_ksa_concept_overlap;source_unit_link;target_qualification_signal;target_support_course_hint;time_depth_fit;time_efficiency;training_goal_direct_ksa_coverage;training_goal_element_implied_ksa_coverage;training_goal_ksa_coverage;transition_unit_link,True,True,1,0,7,0,0.1413,0.0236,0.2,0.0
19,benefits_to_compensation,복리후생관리,임금관리,True,2,274,급여지급,3,경영·회계·사무,인사,20,집체훈련현장실습,0.716,medium,0.7159,classification_match;delivery_fit;gap_job_base_bridge;gap_ksa_concept_coverage;practice_delivery_fit;sibling_classification_link;source_ksa_concept_overlap;target_support_course_hint;time_depth_fit;time_efficiency;training_goal_direct_ksa_coverage;training_goal_ksa_coverage;unit_element_coverage,False,True,1,0,0,0,0.084,0.0145,0.24,0.0
19,benefits_to_compensation,복리후생관리,임금관리,False,3,284,단체협약이행,3,경영·회계·사무,노무관리,20,집체훈련현장실습,0.272,low,0.272,classification_match;delivery_fit;gap_job_base_bridge;gap_ksa_concept_coverage;non_target_labor_course_penalty;practice_delivery_fit;sibling_classification_link;source_ksa_concept_overlap;time_depth_fit;time_efficiency;training_goal_element_implied_ksa_coverage;training_goal_ksa_coverage;unit_element_coverage,False,True,0,0,1,0,0.0248,0.0024,0.0,-0.12
19,benefits_to_compensation,복리후생관리,임금관리,False,4,266,인사기획,6,경영·회계·사무,인사,24,집체훈련,0.519,medium,0.5186,classification_match;delivery_fit;gap_job_base_bridge;gap_ksa_concept_coverage;level_fit;sibling_classification_link;source_ksa_concept_overlap;target_support_course_hint;time_depth_fit;training_goal_element_implied_ksa_coverage;training_goal_ksa_coverage;unit_element_coverage;diversity_penalty,False,True,0,0,1,0,0.0248,0.0047,0.18,-0.03
19,benefits_to_compensation,복리후생관리,임금관리,True,5,275,복리후생관리,4,경영·회계·사무,인사,20,집체훈련현장실습,0.392,low,0.3915,classification_match;current_scope_support_bridge;delivery_fit;level_fit;sibling_classification_link;target_job_base_signal;target_qualification_signal;target_support_course_hint;time_depth_fit;unit_element_coverage;diversity_penalty,False,True,0,0,0,0,0.0,0.0,0.12,-0.07
20,benefits_to_hr_planning,복리후생관리,인사기획,True,1,266,인사기획,6,경영·회계·사무,인사,24,집체훈련,1.0,high,1.0,career_path_unit_link;classification_match;delivery_fit;gap_job_base_bridge;level_fit;query_text_match;resolved_scope_unit_link;source_element_coverage;source_ksa_concept_overlap;source_unit_link;target_support_course_hint;time_depth_fit;time_efficiency;training_goal_element_implied_ksa_coverage;training_goal_ksa_coverage;transition_unit_link,True,True,0,2,10,0,0.144,0.0,0.2,0.0
20,benefits_to_hr_planning,복리후생관리,인사기획,True,2,267,직무관리,5,경영·회계·사무,인사,24,집체훈련현장실습,0.574,medium,0.5735,classification_match;delivery_fit;gap_job_base_bridge;level_fit;sibling_classification_link;target_support_course_hint;time_depth_fit;unit_element_coverage,False,True,0,0,0,0,0.0,0.0,0.24,0.0
20,benefits_to_hr_planning,복리후생관리,인사기획,False,3,284,단체협약이행,3,경영·회계·사무,노무관리,20,집체훈련현장실습,0.232,low,0.2317,classification_match;delivery_fit;gap_job_base_bridge;non_target_labor_course_penalty;sibling_classification_link;source_ksa_concept_overlap;time_depth_fit;time_efficiency;training_goal_element_implied_ksa_coverage;training_goal_ksa_coverage;unit_element_coverage,False,True,0,0,1,0,0.0124,0.0,0.0,-0.12
20,benefits_to_hr_planning,복리후생관리,인사기획,False,4,268,인력채용,5,경영·회계·사무,인사,30,집체훈련현장실습,0.503,medium,0.5033,classification_match;delivery_fit;gap_job_base_bridge;level_fit;sibling_classification_link;source_ksa_concept_overlap;target_support_course_hint;time_depth_fit;unit_element_coverage;diversity_penalty,False,True,0,0,0,0,0.0,0.0,0.18,-0.03
20,benefits_to_hr_planning,복리후생관리,인사기획,True,5,273,임금관리,5,경영·회계·사무,인사,30,집체훈련현장실습,0.491,low,0.4914,classification_match;delivery_fit;gap_job_base_bridge;level_fit;sibling_classification_link;source_ksa_concept_overlap;target_support_course_hint;time_depth_fit;training_goal_element_implied_ksa_coverage;training_goal_ksa_coverage;unit_element_coverage;diversity_penalty,False,True,0,0,1,0,0.0124,0.0,0.16,-0.03
21,benefits_to_labor_management,복리후생관리,노무관리,True,1,280,노사관계 계획,5,경영·회계·사무,노무관리,16,집체훈련,1.0,high,1.0,career_path_unit_link;classification_match;delivery_fit;gap_job_base_bridge;level_fit;resolved_scope_unit_link;source_element_coverage;source_ksa_concept_overlap;source_unit_link;target_support_course_hint;time_depth_fit;time_efficiency;training_goal_element_implied_ksa_coverage;training_goal_ksa_coverage;transition_unit_link,True,True,0,0,12,0,0.1489,0.0,0.28,0.0
21,benefits_to_labor_management,복리후생관리,노무관리,True,2,282,단체교섭준비,5,경영·회계·사무,노무관리,20,집체훈련현장실습,1.0,high,1.0,career_path_unit_link;classification_match;delivery_fit;gap_job_base_bridge;gap_ksa_concept_coverage;level_fit;practice_delivery_fit;resolved_scope_unit_link;source_ksa_concept_overlap;target_support_course_hint;time_depth_fit;time_efficiency;training_goal_element_implied_ksa_coverage;training_goal_ksa_coverage;unit_element_coverage,True,True,0,2,13,0,0.1868,0.0066,0.24,0.0
21,benefits_to_labor_management,복리후생관리,노무관리,False,3,283,단체교섭,6,경영·회계·사무,노무관리,24,집체훈련현장실습,1.0,high,1.0,career_path_unit_link;classification_match;delivery_fit;gap_job_base_bridge;gap_ksa_concept_coverage;level_fit;practice_delivery_fit;resolved_scope_unit_link;source_ksa_concept_overlap;target_support_course_hint;time_depth_fit;time_efficiency;training_goal_element_implied_ksa_coverage;training_goal_ksa_coverage;transition_unit_link;unit_element_coverage,True,True,0,2,10,0,0.1856,0.0231,0.22,0.0
21,benefits_to_labor_management,복리후생관리,노무관리,True,4,286,노사협의회 운영,4,경영·회계·사무,노무관리,12,집체훈련현장실습,1.0,high,1.0,career_path_unit_link;classification_match;delivery_fit;gap_job_base_bridge;level_fit;practice_delivery_fit;resolved_scope_unit_link;source_ksa_concept_overlap;target_support_course_hint;time_efficiency;training_goal_element_implied_ksa_coverage;training_goal_ksa_coverage;unit_element_coverage,True,True,0,3,18,0,0.2272,0.0,0.18,0.0
21,benefits_to_labor_management,복리후생관리,노무관리,False,5,281,노사관계 교육훈련,4,경영·회계·사무,노무관리,16,집체훈련현장실습,1.0,high,1.0,career_path_unit_link;classification_match;delivery_fit;gap_job_base_bridge;level_fit;resolved_scope_unit_link;source_ksa_concept_overlap;target_support_course_hint;time_depth_fit;time_efficiency;training_goal_element_implied_ksa_coverage;training_goal_ksa_coverage;unit_element_coverage,True,True,0,2,28,0,0.32,0.0,0.14,0.0
22,hrd_to_hr_planning,교육훈련운영,인사기획,True,1,266,인사기획,6,경영·회계·사무,인사,24,집체훈련,1.0,high,1.0,career_path_unit_link;classification_match;delivery_fit;gap_job_base_bridge;level_fit;query_text_match;resolved_scope_unit_link;source_element_coverage;source_ksa_concept_overlap;source_unit_link;target_support_course_hint;time_depth_fit;time_efficiency;training_goal_element_implied_ksa_coverage;training_goal_ksa_coverage;transition_unit_link,True,True,0,2,10,0,0.144,0.0,0.2,0.0
22,hrd_to_hr_planning,교육훈련운영,인사기획,True,2,267,직무관리,5,경영·회계·사무,인사,24,집체훈련현장실습,0.578,medium,0.5775,classification_match;delivery_fit;gap_job_base_bridge;level_fit;sibling_classification_link;target_support_course_hint;time_depth_fit;unit_element_coverage,False,True,0,0,0,0,0.0,0.0,0.24,0.0
22,hrd_to_hr_planning,교육훈련운영,인사기획,False,3,284,단체협약이행,3,경영·회계·사무,노무관리,20,집체훈련현장실습,0.234,low,0.2337,classification_match;delivery_fit;gap_job_base_bridge;non_target_labor_course_penalty;sibling_classification_link;source_ksa_concept_overlap;time_depth_fit;time_efficiency;training_goal_element_implied_ksa_coverage;training_goal_ksa_coverage;unit_element_coverage,False,True,0,0,1,0,0.0124,0.0,0.0,-0.12
22,hrd_to_hr_planning,교육훈련운영,인사기획,False,4,273,임금관리,5,경영·회계·사무,인사,30,집체훈련현장실습,0.505,medium,0.5054,classification_match;delivery_fit;gap_job_base_bridge;level_fit;sibling_classification_link;source_ksa_concept_overlap;target_support_course_hint;time_depth_fit;training_goal_element_implied_ksa_coverage;training_goal_ksa_coverage;unit_element_coverage;diversity_penalty,False,True,0,0,1,0,0.0124,0.0,0.16,-0.03
22,hrd_to_hr_planning,교육훈련운영,인사기획,True,5,268,인력채용,5,경영·회계·사무,인사,30,집체훈련현장실습,0.505,medium,0.5053,classification_match;delivery_fit;gap_job_base_bridge;level_fit;sibling_classification_link;source_ksa_concept_overlap;target_support_course_hint;time_depth_fit;unit_element_coverage;diversity_penalty,False,True,0,0,0,0,0.0,0.0,0.18,-0.03
23,hrd_to_recruiting,교육훈련운영,인력채용,True,1,268,인력채용,5,경영·회계·사무,인사,30,집체훈련현장실습,1.0,high,1.0,career_path_unit_link;classification_match;delivery_fit;gap_job_base_bridge;level_fit;query_text_match;resolved_scope_unit_link;source_element_coverage;source_ksa_concept_overlap;source_unit_link;target_qualification_signal;target_support_course_hint;time_depth_fit;training_goal_ksa_coverage;transition_unit_link,True,True,0,1,0,0,0.0224,0.0,0.2,0.0
23,hrd_to_recruiting,교육훈련운영,인력채용,True,2,266,인사기획,6,경영·회계·사무,인사,24,집체훈련,0.584,medium,0.5837,classification_match;delivery_fit;gap_job_base_bridge;level_fit;sibling_classification_link;source_ksa_concept_overlap;target_support_course_hint;time_depth_fit;training_goal_element_implied_ksa_coverage;training_goal_ksa_coverage;unit_element_coverage,False,True,0,0,1,0,0.0124,0.0,0.22,0.0
23,hrd_to_recruiting,교육훈련운영,인력채용,False,3,284,단체협약이행,3,경영·회계·사무,노무관리,20,집체훈련현장실습,0.272,low,0.2721,classification_match;delivery_fit;gap_job_base_bridge;non_target_labor_course_penalty;sibling_classification_link;source_ksa_concept_overlap;time_depth_fit;time_efficiency;training_goal_direct_ksa_coverage;training_goal_ksa_coverage;unit_element_coverage,False,True,1,0,0,0,0.0315,0.0,0.0,-0.12
23,hrd_to_recruiting,교육훈련운영,인력채용,False,4,280,노사관계 계획,5,경영·회계·사무,노무관리,16,집체훈련,0.26,low,0.2598,classification_match;delivery_fit;gap_job_base_bridge;level_fit;non_target_labor_course_penalty;sibling_classification_link;source_ksa_concept_overlap;time_depth_fit;time_efficiency;unit_element_coverage,False,True,0,0,0,0,0.0,0.0,0.0,-0.12
23,hrd_to_recruiting,교육훈련운영,인력채용,True,5,267,직무관리,5,경영·회계·사무,인사,24,집체훈련현장실습,0.535,medium,0.535,classification_match;delivery_fit;gap_job_base_bridge;level_fit;sibling_classification_link;target_qualification_signal;target_support_course_hint;time_depth_fit;unit_element_coverage;diversity_penalty,False,True,0,0,0,0,0.0,0.0,0.2,-0.03
24,hrd_to_compensation,교육훈련운영,임금관리,True,1,273,임금관리,5,경영·회계·사무,인사,30,집체훈련현장실습,1.0,high,1.0,career_path_unit_link;classification_match;delivery_fit;gap_job_base_bridge;gap_ksa_concept_coverage;level_fit;practice_delivery_fit;query_text_match;resolved_scope_unit_link;source_element_coverage;source_ksa_concept_overlap;source_unit_link;target_qualification_signal;target_support_course_hint;time_depth_fit;time_efficiency;training_goal_direct_ksa_coverage;training_goal_element_implied_ksa_coverage;training_goal_ksa_coverage;transition_unit_link,True,True,1,0,7,0,0.1413,0.0236,0.2,0.0
24,hrd_to_compensation,교육훈련운영,임금관리,True,2,274,급여지급,3,경영·회계·사무,인사,20,집체훈련현장실습,0.73,medium,0.7299,classification_match;delivery_fit;gap_job_base_bridge;gap_ksa_concept_coverage;practice_delivery_fit;sibling_classification_link;source_ksa_concept_overlap;target_support_course_hint;time_depth_fit;time_efficiency;training_goal_direct_ksa_coverage;training_goal_ksa_coverage;unit_element_coverage,False,True,1,0,0,0,0.084,0.0145,0.24,0.0
24,hrd_to_compensation,교육훈련운영,임금관리,False,3,284,단체협약이행,3,경영·회계·사무,노무관리,20,집체훈련현장실습,0.286,low,0.286,classification_match;delivery_fit;gap_job_base_bridge;gap_ksa_concept_coverage;non_target_labor_course_penalty;practice_delivery_fit;sibling_classification_link;source_ksa_concept_overlap;time_depth_fit;time_efficiency;training_goal_element_implied_ksa_coverage;training_goal_ksa_coverage;unit_element_coverage,False,True,0,0,1,0,0.0248,0.0024,0.0,-0.12
24,hrd_to_compensation,교육훈련운영,임금관리,True,4,266,인사기획,6,경영·회계·사무,인사,24,집체훈련,0.533,medium,0.5326,classification_match;delivery_fit;gap_job_base_bridge;gap_ksa_concept_coverage;level_fit;sibling_classification_link;source_ksa_concept_overlap;target_support_course_hint;time_depth_fit;training_goal_element_implied_ksa_coverage;training_goal_ksa_coverage;unit_element_coverage;diversity_penalty,False,True,0,0,1,0,0.0248,0.0047,0.18,-0.03
24,hrd_to_compensation,교육훈련운영,임금관리,False,5,275,복리후생관리,4,경영·회계·사무,인사,20,집체훈련현장실습,0.451,low,0.4505,classification_match;delivery_fit;gap_job_base_bridge;level_fit;sibling_classification_link;target_qualification_signal;target_support_course_hint;time_depth_fit;unit_element_coverage;diversity_penalty,False,True,0,0,0,0,0.0,0.0,0.12,-0.03
25,hr_planning_to_recruiting,인사기획,인력채용,True,1,268,인력채용,5,경영·회계·사무,인사,30,집체훈련현장실습,1.0,high,1.0,career_path_unit_link;classification_match;delivery_fit;gap_job_base_bridge;gap_qualification_bridge;level_fit;query_text_match;resolved_scope_unit_link;source_element_coverage;source_ksa_concept_overlap;source_unit_link;target_support_course_hint;time_depth_fit;training_goal_ksa_coverage;transition_unit_link,True,True,0,1,0,0,0.0224,0.0,0.2,0.0
25,hr_planning_to_recruiting,인사기획,인력채용,True,2,267,직무관리,5,경영·회계·사무,인사,24,집체훈련현장실습,0.59,medium,0.59,classification_match;delivery_fit;gap_job_base_bridge;gap_qualification_bridge;level_fit;sibling_classification_link;target_support_course_hint;time_depth_fit;unit_element_coverage,False,True,0,0,0,0,0.0,0.0,0.2,0.0
25,hr_planning_to_recruiting,인사기획,인력채용,False,3,284,단체협약이행,3,경영·회계·사무,노무관리,20,집체훈련현장실습,0.258,low,0.2581,classification_match;delivery_fit;gap_job_base_bridge;non_target_labor_course_penalty;sibling_classification_link;source_ksa_concept_overlap;time_depth_fit;time_efficiency;training_goal_direct_ksa_coverage;training_goal_ksa_coverage;unit_element_coverage,False,True,1,0,0,0,0.0315,0.0,0.0,-0.12
25,hr_planning_to_recruiting,인사기획,인력채용,False,4,282,단체교섭준비,5,경영·회계·사무,노무관리,20,집체훈련현장실습,0.25,low,0.2498,classification_match;delivery_fit;gap_job_base_bridge;level_fit;non_target_labor_course_penalty;sibling_classification_link;source_ksa_concept_overlap;time_depth_fit;time_efficiency;unit_element_coverage,False,True,0,0,0,0,0.0,0.0,0.0,-0.12
25,hr_planning_to_recruiting,인사기획,인력채용,True,5,266,인사기획,6,경영·회계·사무,인사,24,집체훈련,0.489,low,0.4887,classification_match;current_scope_support_bridge;delivery_fit;level_fit;sibling_classification_link;source_ksa_concept_overlap;target_job_base_signal;target_support_course_hint;time_depth_fit;training_goal_element_implied_ksa_coverage;training_goal_ksa_coverage;unit_element_coverage;diversity_penalty,False,True,0,0,1,0,0.0124,0.0,0.22,-0.07
26,hr_planning_to_compensation,인사기획,임금관리,True,1,273,임금관리,5,경영·회계·사무,인사,30,집체훈련현장실습,1.0,high,1.0,career_path_unit_link;classification_match;delivery_fit;gap_job_base_bridge;gap_ksa_concept_coverage;gap_qualification_bridge;level_fit;practice_delivery_fit;query_text_match;resolved_scope_unit_link;source_element_coverage;source_ksa_concept_overlap;source_unit_link;target_support_course_hint;time_depth_fit;time_efficiency;training_goal_direct_ksa_coverage;training_goal_element_implied_ksa_coverage;training_goal_ksa_coverage;transition_unit_link,True,True,1,0,7,0,0.1413,0.0236,0.2,0.0
26,hr_planning_to_compensation,인사기획,임금관리,True,2,274,급여지급,3,경영·회계·사무,인사,20,집체훈련현장실습,0.708,medium,0.7079,classification_match;delivery_fit;gap_job_base_bridge;gap_ksa_concept_coverage;practice_delivery_fit;sibling_classification_link;source_ksa_concept_overlap;target_support_course_hint;time_depth_fit;time_efficiency;training_goal_direct_ksa_coverage;training_goal_ksa_coverage;unit_element_coverage,False,True,1,0,0,0,0.084,0.0145,0.24,0.0
26,hr_planning_to_compensation,인사기획,임금관리,False,3,284,단체협약이행,3,경영·회계·사무,노무관리,20,집체훈련현장실습,0.272,low,0.272,classification_match;delivery_fit;gap_job_base_bridge;gap_ksa_concept_coverage;non_target_labor_course_penalty;practice_delivery_fit;sibling_classification_link;source_ksa_concept_overlap;time_depth_fit;time_efficiency;training_goal_element_implied_ksa_coverage;training_goal_ksa_coverage;unit_element_coverage,False,True,0,0,1,0,0.0248,0.0024,0.0,-0.12
26,hr_planning_to_compensation,인사기획,임금관리,False,4,275,복리후생관리,4,경영·회계·사무,인사,20,집체훈련현장실습,0.476,low,0.4755,classification_match;delivery_fit;gap_job_base_bridge;gap_qualification_bridge;level_fit;sibling_classification_link;target_support_course_hint;time_depth_fit;unit_element_coverage;diversity_penalty,False,True,0,0,0,0,0.0,0.0,0.12,-0.03
26,hr_planning_to_compensation,인사기획,임금관리,True,5,266,인사기획,6,경영·회계·사무,인사,24,집체훈련,0.468,low,0.4676,classification_match;current_scope_support_bridge;delivery_fit;gap_ksa_concept_coverage;level_fit;sibling_classification_link;source_ksa_concept_overlap;target_job_base_signal;target_support_course_hint;time_depth_fit;training_goal_element_implied_ksa_coverage;training_goal_ksa_coverage;unit_element_coverage;diversity_penalty,False,True,0,0,1,0,0.0248,0.0047,0.18,-0.07
27,hr_planning_to_hrd,인사기획,교육훈련운영,True,1,272,교육훈련운영,4,경영·회계·사무,인사,20,집체훈련현장실습,1.0,high,1.0,career_path_unit_link;classification_match;delivery_fit;gap_job_base_bridge;gap_qualification_bridge;level_fit;query_text_match;resolved_scope_unit_link;source_element_coverage;source_ksa_concept_overlap;source_unit_link;target_support_course_hint;time_depth_fit;time_efficiency;training_goal_element_implied_ksa_coverage;training_goal_ksa_coverage;transition_unit_link,True,True,0,1,13,0,0.1713,0.0,0.2,0.0
27,hr_planning_to_hrd,인사기획,교육훈련운영,True,2,271,핵심인재관리,5,경영·회계·사무,인사,24,집체훈련현장실습,0.574,medium,0.5737,classification_match;delivery_fit;gap_job_base_bridge;level_fit;sibling_classification_link;source_ksa_concept_overlap;target_support_course_hint;time_depth_fit;training_goal_element_implied_ksa_coverage;training_goal_ksa_coverage;unit_element_coverage,False,True,0,0,1,0,0.0124,0.0,0.22,0.0
27,hr_planning_to_hrd,인사기획,교육훈련운영,False,3,281,노사관계 교육훈련,4,경영·회계·사무,노무관리,16,집체훈련현장실습,0.5,medium,0.5004,classification_match;delivery_fit;gap_job_base_bridge;level_fit;sibling_classification_link;source_ksa_concept_overlap;target_support_course_hint;time_depth_fit;time_efficiency;training_goal_element_implied_ksa_coverage;training_goal_ksa_coverage;unit_element_coverage,False,True,0,0,2,0,0.0248,0.0,0.1,0.0
27,hr_planning_to_hrd,인사기획,교육훈련운영,False,4,282,단체교섭준비,5,경영·회계·사무,노무관리,20,집체훈련현장실습,0.256,low,0.2559,classification_match;delivery_fit;gap_job_base_bridge;level_fit;non_target_labor_course_penalty;sibling_classification_link;source_ksa_concept_overlap;time_depth_fit;time_efficiency;training_goal_element_implied_ksa_coverage;training_goal_ksa_coverage;unit_element_coverage,False,True,0,0,1,0,0.0056,0.0,0.0,-0.12
27,hr_planning_to_hrd,인사기획,교육훈련운영,True,5,267,직무관리,5,경영·회계·사무,인사,24,집체훈련현장실습,0.428,low,0.4275,classification_match;delivery_fit;gap_job_base_bridge;gap_qualification_bridge;level_fit;sibling_classification_link;target_support_course_hint;time_depth_fit;unit_element_coverage;diversity_penalty,False,True,0,0,0,0,0.0,0.0,0.08,-0.03
28,hr_planning_to_labor_management,인사기획,노무관리,True,1,280,노사관계 계획,5,경영·회계·사무,노무관리,16,집체훈련,1.0,high,1.0,career_path_unit_link;classification_match;delivery_fit;gap_job_base_bridge;level_fit;resolved_scope_unit_link;source_element_coverage;source_ksa_concept_overlap;source_unit_link;target_support_course_hint;time_depth_fit;time_efficiency;training_goal_element_implied_ksa_coverage;training_goal_ksa_coverage;transition_unit_link,True,True,0,0,12,0,0.1489,0.0,0.28,0.0
28,hr_planning_to_labor_management,인사기획,노무관리,True,2,282,단체교섭준비,5,경영·회계·사무,노무관리,20,집체훈련현장실습,1.0,high,1.0,career_path_unit_link;classification_match;delivery_fit;gap_job_base_bridge;gap_ksa_concept_coverage;level_fit;practice_delivery_fit;resolved_scope_unit_link;source_ksa_concept_overlap;target_support_course_hint;time_depth_fit;time_efficiency;training_goal_element_implied_ksa_coverage;training_goal_ksa_coverage;unit_element_coverage,True,True,0,2,13,0,0.1868,0.0066,0.24,0.0
28,hr_planning_to_labor_management,인사기획,노무관리,False,3,283,단체교섭,6,경영·회계·사무,노무관리,24,집체훈련현장실습,1.0,high,1.0,career_path_unit_link;classification_match;delivery_fit;gap_job_base_bridge;gap_ksa_concept_coverage;level_fit;practice_delivery_fit;resolved_scope_unit_link;source_ksa_concept_overlap;target_support_course_hint;time_depth_fit;time_efficiency;training_goal_element_implied_ksa_coverage;training_goal_ksa_coverage;transition_unit_link;unit_element_coverage,True,True,0,2,10,0,0.1856,0.0231,0.22,0.0
28,hr_planning_to_labor_management,인사기획,노무관리,True,4,286,노사협의회 운영,4,경영·회계·사무,노무관리,12,집체훈련현장실습,1.0,high,1.0,career_path_unit_link;classification_match;delivery_fit;gap_job_base_bridge;level_fit;practice_delivery_fit;resolved_scope_unit_link;source_ksa_concept_overlap;target_support_course_hint;time_efficiency;training_goal_element_implied_ksa_coverage;training_goal_ksa_coverage;unit_element_coverage,True,True,0,3,18,0,0.2272,0.0,0.18,0.0
28,hr_planning_to_labor_management,인사기획,노무관리,False,5,281,노사관계 교육훈련,4,경영·회계·사무,노무관리,16,집체훈련현장실습,1.0,high,1.0,career_path_unit_link;classification_match;delivery_fit;gap_job_base_bridge;level_fit;resolved_scope_unit_link;source_ksa_concept_overlap;target_support_course_hint;time_depth_fit;time_efficiency;training_goal_element_implied_ksa_coverage;training_goal_ksa_coverage;unit_element_coverage,True,True,0,2,28,0,0.32,0.0,0.14,0.0
29,hrbp_to_hr_planning,HRBP,인사기획,True,1,266,인사기획,6,경영·회계·사무,인사,24,집체훈련,1.0,high,1.0,career_path_unit_link;classification_match;current_scope_support_bridge;delivery_fit;level_fit;query_text_match;resolved_scope_unit_link;source_element_coverage;source_ksa_concept_overlap;source_unit_link;target_job_base_signal;target_support_course_hint;time_depth_fit;time_efficiency;training_goal_element_implied_ksa_coverage;training_goal_ksa_coverage;transition_unit_link,True,True,0,2,10,0,0.144,0.0,0.2,-0.04
29,hrbp_to_hr_planning,HRBP,인사기획,True,2,267,직무관리,5,경영·회계·사무,인사,24,집체훈련현장실습,0.567,medium,0.5665,classification_match;delivery_fit;level_fit;sibling_classification_link;target_job_base_signal;target_support_course_hint;time_depth_fit;unit_element_coverage,False,True,0,0,0,0,0.0,0.0,0.24,0.0
29,hrbp_to_hr_planning,HRBP,인사기획,False,3,284,단체협약이행,3,경영·회계·사무,노무관리,20,집체훈련현장실습,0.209,low,0.2087,classification_match;delivery_fit;non_target_labor_course_penalty;sibling_classification_link;source_ksa_concept_overlap;target_job_base_signal;time_depth_fit;time_efficiency;training_goal_element_implied_ksa_coverage;training_goal_ksa_coverage;unit_element_coverage,False,True,0,0,1,0,0.0124,0.0,0.0,-0.12
29,hrbp_to_hr_planning,HRBP,인사기획,False,4,273,임금관리,5,경영·회계·사무,인사,30,집체훈련현장실습,0.48,low,0.4804,classification_match;delivery_fit;level_fit;sibling_classification_link;source_ksa_concept_overlap;target_job_base_signal;target_support_course_hint;time_depth_fit;training_goal_element_implied_ksa_coverage;training_goal_ksa_coverage;unit_element_coverage;diversity_penalty,False,True,0,0,1,0,0.0124,0.0,0.16,-0.03
29,hrbp_to_hr_planning,HRBP,인사기획,True,5,268,인력채용,5,경영·회계·사무,인사,30,집체훈련현장실습,0.48,low,0.4803,classification_match;delivery_fit;level_fit;sibling_classification_link;source_ksa_concept_overlap;target_job_base_signal;target_support_course_hint;time_depth_fit;unit_element_coverage;diversity_penalty,False,True,0,0,0,0,0.0,0.0,0.18,-0.03
30,hrbp_to_labor_management,HRBP,노무관리,True,1,280,노사관계 계획,5,경영·회계·사무,노무관리,16,집체훈련,1.0,high,1.0,career_path_unit_link;classification_match;delivery_fit;gap_job_base_bridge;level_fit;resolved_scope_unit_link;source_element_coverage;source_ksa_concept_overlap;source_unit_link;target_support_course_hint;time_depth_fit;time_efficiency;training_goal_element_implied_ksa_coverage;training_goal_ksa_coverage;transition_unit_link,True,True,0,0,12,0,0.1489,0.0,0.28,0.0
30,hrbp_to_labor_management,HRBP,노무관리,True,2,282,단체교섭준비,5,경영·회계·사무,노무관리,20,집체훈련현장실습,1.0,high,1.0,career_path_unit_link;classification_match;delivery_fit;gap_job_base_bridge;gap_ksa_concept_coverage;level_fit;practice_delivery_fit;resolved_scope_unit_link;source_ksa_concept_overlap;target_support_course_hint;time_depth_fit;time_efficiency;training_goal_element_implied_ksa_coverage;training_goal_ksa_coverage;unit_element_coverage,True,True,0,2,13,0,0.1868,0.0066,0.24,0.0
30,hrbp_to_labor_management,HRBP,노무관리,True,3,283,단체교섭,6,경영·회계·사무,노무관리,24,집체훈련현장실습,1.0,high,1.0,career_path_unit_link;classification_match;delivery_fit;gap_job_base_bridge;gap_ksa_concept_coverage;level_fit;practice_delivery_fit;resolved_scope_unit_link;source_ksa_concept_overlap;target_support_course_hint;time_depth_fit;time_efficiency;training_goal_element_implied_ksa_coverage;training_goal_ksa_coverage;transition_unit_link;unit_element_coverage,True,True,0,2,10,0,0.1856,0.0231,0.22,0.0
30,hrbp_to_labor_management,HRBP,노무관리,False,4,286,노사협의회 운영,4,경영·회계·사무,노무관리,12,집체훈련현장실습,1.0,high,1.0,career_path_unit_link;classification_match;delivery_fit;gap_job_base_bridge;level_fit;practice_delivery_fit;resolved_scope_unit_link;source_ksa_concept_overlap;target_support_course_hint;time_efficiency;training_goal_element_implied_ksa_coverage;training_goal_ksa_coverage;unit_element_coverage,True,True,0,3,18,0,0.2272,0.0,0.18,0.0
30,hrbp_to_labor_management,HRBP,노무관리,False,5,281,노사관계 교육훈련,4,경영·회계·사무,노무관리,16,집체훈련현장실습,1.0,high,1.0,career_path_unit_link;classification_match;delivery_fit;gap_job_base_bridge;level_fit;resolved_scope_unit_link;source_ksa_concept_overlap;target_support_course_hint;time_depth_fit;time_efficiency;training_goal_element_implied_ksa_coverage;training_goal_ksa_coverage;unit_element_coverage,True,True,0,2,28,0,0.32,0.0,0.14,0.0
31,auto_non_hr_01_01_01_01_001,공적개발원조사업 PDM수립,공적개발원조사업 프로젝트 집행,True,1,105,공적개발원조사업 프로젝트 집행,4,사업관리,공적개발원조사업관리,80,집체훈련,1.0,high,1.0,career_path_unit_link;classification_match;delivery_fit;level_fit;practice_delivery_fit;query_text_match;resolved_scope_unit_link;source_element_coverage;source_ksa_concept_overlap;source_unit_link;target_job_base_signal;target_support_course_hint;time_efficiency;training_goal_element_implied_ksa_coverage;training_goal_ksa_coverage;transition_unit_link,True,True,0,6,21,0,0.32,0.0,0.2,0.0
31,auto_non_hr_01_01_01_01_001,공적개발원조사업 PDM수립,공적개발원조사업 프로젝트 집행,False,2,101,공적개발원조사업 개발전략수립,7,사업관리,공적개발원조사업관리,80,집체훈련,0.465,low,0.4646,classification_match;delivery_fit;gap_ksa_concept_coverage;practice_delivery_fit;source_ksa_concept_overlap;target_job_base_signal;target_support_course_hint;training_goal_element_implied_ksa_coverage;training_goal_ksa_coverage;transition_unit_link;unit_element_coverage,True,True,0,4,3,0,0.1354,0.0334,0.03,0.0
31,auto_non_hr_01_01_01_01_001,공적개발원조사업 PDM수립,공적개발원조사업 프로젝트 집행,False,3,102,공적개발원조사업 사업기획,6,사업관리,공적개발원조사업관리,40,집체훈련,0.331,low,0.3312,classification_match;delivery_fit;source_ksa_concept_overlap;target_job_base_signal;target_support_course_hint;time_depth_fit;training_goal_element_implied_ksa_coverage;training_goal_ksa_coverage;transition_unit_link;unit_element_coverage;diversity_penalty,True,True,0,0,4,0,0.0511,0.0,0.03,-0.03
32,auto_non_hr_01_01_01_01_002,공적개발원조사업 성과관리,공적개발원조사업 PDM수립,True,1,103,공적개발원조사업 PDM수립,5,사업관리,공적개발원조사업관리,40,집체훈련,1.0,high,1.0,career_path_unit_link;classification_match;delivery_fit;gap_job_base_bridge;gap_ksa_concept_coverage;level_fit;practice_delivery_fit;query_text_match;resolved_scope_unit_link;source_element_coverage;source_ksa_concept_overlap;source_unit_link;target_support_course_hint;time_depth_fit;training_goal_ksa_coverage;training_goal_unit_core_ksa_coverage;transition_unit_link;weak_unit_core_only_goal_coverage,True,True,0,0,0,16,0.0759,0.0094,0.2,-0.035
32,auto_non_hr_01_01_01_01_002,공적개발원조사업 성과관리,공적개발원조사업 PDM수립,False,2,102,공적개발원조사업 사업기획,6,사업관리,공적개발원조사업관리,40,집체훈련,0.405,low,0.4054,classification_match;delivery_fit;gap_job_base_bridge;level_fit;source_ksa_concept_overlap;target_support_course_hint;time_depth_fit;training_goal_element_implied_ksa_coverage;training_goal_ksa_coverage;transition_unit_link;unit_element_coverage,True,True,0,1,3,0,0.0479,0.0,0.03,0.0
33,auto_non_hr_01_01_01_01_003,공적개발원조사업 PDM수립,공적개발원조사업 성과관리,True,1,106,공적개발원조사업 성과관리,5,사업관리,공적개발원조사업관리,40,집체훈련,1.0,high,1.0,career_path_unit_link;classification_match;delivery_fit;gap_ksa_concept_coverage;level_fit;practice_delivery_fit;query_text_match;resolved_scope_unit_link;source_element_coverage;source_ksa_concept_overlap;source_unit_link;target_job_base_signal;target_support_course_hint;time_depth_fit;time_efficiency;training_goal_element_implied_ksa_coverage;training_goal_ksa_coverage;transition_unit_link,True,True,0,9,33,0,0.32,0.08,0.2,0.0
34,auto_non_hr_01_01_01_02_004,프로젝트 인적자원관리,프로젝트 원가관리,True,1,114,프로젝트 원가관리,4,사업관리,프로젝트관리,40,집체훈련,1.0,high,1.0,career_path_unit_link;classification_match;delivery_fit;gap_job_base_bridge;gap_ksa_concept_coverage;level_fit;practice_delivery_fit;query_text_match;resolved_scope_unit_link;source_element_coverage;source_ksa_concept_overlap;source_unit_link;target_support_course_hint;time_depth_fit;training_goal_ksa_coverage;transition_unit_link,True,True,0,4,0,0,0.0894,0.0071,0.2,0.0
34,auto_non_hr_01_01_01_02_004,프로젝트 인적자원관리,프로젝트 원가관리,False,2,112,프로젝트 인적자원관리,4,사업관리,프로젝트관리,40,집체훈련,0.401,low,0.4014,classification_match;current_scope_support_bridge;delivery_fit;level_fit;practice_delivery_fit;source_ksa_concept_overlap;target_job_base_signal;target_support_course_hint;time_depth_fit;training_goal_ksa_coverage;transition_unit_link;unit_element_coverage,True,True,0,2,0,0,0.0473,0.0,0.045,-0.04
35,auto_non_hr_01_01_01_02_005,프로젝트 원가관리,프로젝트 인적자원관리,True,1,112,프로젝트 인적자원관리,4,사업관리,프로젝트관리,40,집체훈련,1.0,high,1.0,career_path_unit_link;classification_match;delivery_fit;gap_job_base_bridge;gap_ksa_concept_coverage;level_fit;practice_delivery_fit;query_text_match;resolved_scope_unit_link;source_element_coverage;source_ksa_concept_overlap;source_unit_link;target_support_course_hint;time_depth_fit;time_efficiency;training_goal_ksa_coverage;transition_unit_link,True,True,0,21,0,0,0.32,0.0274,0.2,0.0
35,auto_non_hr_01_01_01_02_005,프로젝트 원가관리,프로젝트 인적자원관리,False,2,114,프로젝트 원가관리,4,사업관리,프로젝트관리,40,집체훈련,0.348,low,0.3477,classification_match;current_scope_support_bridge;delivery_fit;level_fit;source_ksa_concept_overlap;target_job_base_signal;target_support_course_hint;time_depth_fit;training_goal_ksa_coverage;transition_unit_link;unit_element_coverage,True,True,0,1,0,0,0.0224,0.0,0.045,-0.04
36,auto_non_hr_01_01_01_02_006,프로젝트 원가관리,프로젝트 일정관리,True,1,113,프로젝트 일정관리,4,사업관리,프로젝트관리,40,집체훈련,1.0,high,1.0,career_path_unit_link;classification_match;delivery_fit;gap_job_base_bridge;gap_qualification_bridge;level_fit;practice_delivery_fit;query_text_match;resolved_scope_unit_link;source_element_coverage;source_ksa_concept_overlap;source_unit_link;target_support_course_hint;time_depth_fit;training_goal_ksa_coverage;transition_unit_link,True,True,0,3,0,0,0.0671,0.0,0.2,0.0
36,auto_non_hr_01_01_01_02_006,프로젝트 원가관리,프로젝트 일정관리,False,2,111,프로젝트 범위관리,5,사업관리,프로젝트관리,60,집체훈련,0.458,low,0.4576,classification_match;delivery_fit;gap_job_base_bridge;gap_ksa_concept_coverage;level_fit;practice_delivery_fit;source_ksa_concept_overlap;target_support_course_hint;training_goal_ksa_coverage;transition_unit_link;unit_element_coverage,True,True,0,2,0,0,0.0473,0.0302,0.045,0.0
37,auto_non_hr_01_01_01_03_007,산학협력 연구비관리,산학협력 과제관리,True,1,124,산학협력 과제관리,4,사업관리,산학협력관리,16,집체훈련,1.0,high,1.0,career_path_unit_link;classification_match;delivery_fit;gap_job_base_bridge;gap_ksa_concept_coverage;level_fit;practice_delivery_fit;query_text_match;resolved_scope_unit_link;source_element_coverage;source_ksa_concept_overlap;source_unit_link;target_support_course_hint;time_depth_fit;time_efficiency;training_goal_ksa_coverage;transition_unit_link,True,True,0,1,0,0,0.0224,0.0189,0.2,0.0
38,auto_non_hr_01_01_01_03_008,산학협력 과제관리,산학협력 연구비관리,True,1,123,산학협력 연구비관리,4,사업관리,산학협력관리,16,집체훈련,1.0,high,1.0,career_path_unit_link;classification_match;delivery_fit;gap_job_base_bridge;gap_ksa_concept_coverage;level_fit;practice_delivery_fit;query_text_match;resolved_scope_unit_link;source_element_coverage;source_ksa_concept_overlap;source_unit_link;target_support_course_hint;time_depth_fit;time_efficiency;training_goal_element_implied_ksa_coverage;training_goal_ksa_coverage;transition_unit_link,True,True,0,0,15,0,0.2398,0.0094,0.2,0.0
39,auto_non_hr_03_01_01_01_009,예금 관리,부수업무 처리,True,1,454,부수업무 처리,2,금융·보험,창구사무,20,원격훈련집체훈련현장실습,1.0,high,1.0,career_path_unit_link;classification_match;delivery_fit;level_fit;query_text_match;resolved_scope_unit_link;source_element_coverage;source_ksa_concept_overlap;source_unit_link;target_job_base_signal;target_qualification_signal;target_support_course_hint;time_depth_fit;time_efficiency;training_goal_ksa_coverage;transition_unit_link,True,True,0,3,0,0,0.0696,0.0,0.2,0.0
40,auto_non_hr_03_01_01_01_010,부수업무 처리,예금 관리,True,1,457,예금 관리,2,금융·보험,창구사무,30,원격훈련집체훈련,1.0,high,1.0,career_path_unit_link;classification_match;delivery_fit;gap_ksa_concept_coverage;gap_qualification_bridge;level_fit;query_text_match;resolved_scope_unit_link;source_element_coverage;source_ksa_concept_overlap;source_unit_link;target_job_base_signal;target_support_course_hint;time_depth_fit;time_efficiency;training_goal_element_implied_ksa_coverage;training_goal_ksa_coverage;transition_unit_link,True,True,0,5,12,0,0.2235,0.0071,0.2,0.0
40,auto_non_hr_03_01_01_01_010,부수업무 처리,예금 관리,False,2,456,입지급 거래,2,금융·보험,창구사무,25,원격훈련집체훈련,0.424,low,0.424,classification_match;delivery_fit;gap_ksa_concept_coverage;gap_qualification_bridge;level_fit;source_ksa_concept_overlap;target_job_base_signal;target_support_course_hint;time_depth_fit;training_goal_ksa_coverage;training_goal_unit_core_ksa_coverage;transition_unit_link;unit_element_coverage;weak_unit_core_only_goal_coverage,True,True,0,0,0,9,0.0522,0.0189,0.035,-0.035
41,auto_non_hr_03_01_01_01_011,부수업무 처리,입지급 거래,True,1,456,입지급 거래,2,금융·보험,창구사무,25,원격훈련집체훈련,1.0,high,1.0,career_path_unit_link;classification_match;delivery_fit;gap_ksa_concept_coverage;gap_qualification_bridge;level_fit;query_text_match;resolved_scope_unit_link;source_element_coverage;source_ksa_concept_overlap;source_unit_link;target_job_base_signal;target_support_course_hint;time_depth_fit;training_goal_ksa_coverage;training_goal_unit_core_ksa_coverage;transition_unit_link;weak_unit_core_only_goal_coverage,True,True,0,0,0,16,0.0811,0.0107,0.2,-0.035
41,auto_non_hr_03_01_01_01_011,부수업무 처리,입지급 거래,False,2,457,예금 관리,2,금융·보험,창구사무,30,원격훈련집체훈련,0.479,low,0.4786,classification_match;delivery_fit;gap_ksa_concept_coverage;gap_qualification_bridge;level_fit;source_ksa_concept_overlap;target_job_base_signal;target_support_course_hint;time_depth_fit;training_goal_element_implied_ksa_coverage;training_goal_ksa_coverage;transition_unit_link;unit_element_coverage,True,True,0,2,5,0,0.082,0.0024,0.035,0.0
42,auto_non_hr_03_01_01_02_012,고객접촉활동·관계형성,거래약정,True,1,465,거래약정,4,금융·보험,기업영업,15,원격훈련집체훈련,1.0,high,1.0,career_path_unit_link;classification_match;delivery_fit;gap_job_base_bridge;level_fit;practice_delivery_fit;query_text_match;resolved_scope_unit_link;source_element_coverage;source_ksa_concept_overlap;source_unit_link;target_support_course_hint;time_depth_fit;time_efficiency;training_goal_element_implied_ksa_coverage;training_goal_ksa_coverage;transition_unit_link,True,True,0,5,23,0,0.32,0.0,0.2,0.0
43,auto_non_hr_03_01_01_02_013,거래약정,고객접촉활동·관계형성,True,1,460,고객접촉활동·관계형성,4,금융·보험,기업영업,15,원격훈련집체훈련,1.0,high,1.0,career_path_unit_link;classification_match;delivery_fit;gap_job_base_bridge;level_fit;query_text_match;resolved_scope_unit_link;source_element_coverage;source_ksa_concept_overlap;source_unit_link;target_support_course_hint;time_depth_fit;time_efficiency;training_goal_element_implied_ksa_coverage;training_goal_ksa_coverage;transition_unit_link,True,True,0,0,15,0,0.1891,0.0,0.2,0.0
44,auto_non_hr_03_01_01_02_014,기업 거래심화,거래신청 심사·승인,True,1,464,거래신청 심사·승인,5,금융·보험,기업영업,15,원격훈련집체훈련,1.0,high,1.0,career_path_unit_link;classification_match;delivery_fit;gap_job_base_bridge;level_fit;query_text_match;resolved_scope_unit_link;source_element_coverage;source_ksa_concept_overlap;source_unit_link;target_qualification_signal;target_support_course_hint;time_depth_fit;time_efficiency;training_goal_element_implied_ksa_coverage;training_goal_ksa_coverage;transition_unit_link,True,True,0,0,8,0,0.0993,0.0,0.2,0.0
45,auto_non_hr_03_01_01_03_015,고객관리,PB컴플라이언스,True,1,476,PB컴플라이언스,4,금융·보험,PB영업,20,원격훈련집체훈련,1.0,high,1.0,career_path_unit_link;classification_match;delivery_fit;gap_job_base_bridge;gap_qualification_bridge;level_fit;practice_delivery_fit;query_text_match;resolved_scope_unit_link;source_element_coverage;source_ksa_concept_overlap;source_unit_link;target_support_course_hint;time_depth_fit;time_efficiency;training_goal_element_implied_ksa_coverage;training_goal_ksa_coverage;transition_unit_link,True,True,0,6,35,0,0.32,0.0,0.2,0.0
46,auto_non_hr_03_01_01_03_016,PB컴플라이언스,고객관리,True,1,475,고객관리,4,금융·보험,PB영업,20,원격훈련집체훈련,1.0,high,1.0,career_path_unit_link;classification_match;delivery_fit;gap_job_base_bridge;level_fit;query_text_match;resolved_scope_unit_link;source_element_coverage;source_ksa_concept_overlap;source_unit_link;target_support_course_hint;time_depth_fit;time_efficiency;training_goal_ksa_coverage;training_goal_unit_core_ksa_coverage;transition_unit_link;weak_unit_core_only_goal_coverage,True,True,0,0,0,16,0.0759,0.0,0.2,-0.035
46,auto_non_hr_03_01_01_03_016,PB컴플라이언스,고객관리,False,2,467,기업고객관리,6,금융·보험,기업영업,30,원격훈련집체훈련,0.594,medium,0.594,classification_match;delivery_fit;gap_job_base_bridge;query_text_match;sibling_classification_link;target_support_course_hint;time_depth_fit;unit_element_coverage,False,True,0,0,0,0,0.0,0.0,0.184,0.0
47,auto_non_hr_04_02_02_01_017,평생교육 요구분석,평생교육 상황분석,True,1,797,평생교육 상황분석,5,교육·자연·사회과학,평생교육프로그램 기획·개발·평가,20,집체훈련현장실습,1.0,high,1.0,career_path_unit_link;classification_match;delivery_fit;gap_job_base_bridge;level_fit;practice_delivery_fit;query_text_match;resolved_scope_unit_link;source_element_coverage;source_ksa_concept_overlap;source_unit_link;target_qualification_signal;target_support_course_hint;time_depth_fit;time_efficiency;training_goal_element_implied_ksa_coverage;training_goal_ksa_coverage;transition_unit_link,True,True,0,7,13,0,0.2738,0.0,0.2,0.0
48,auto_non_hr_04_02_02_01_018,평생교육 상황분석,평생교육 요구분석,True,1,798,평생교육 요구분석,5,교육·자연·사회과학,평생교육프로그램 기획·개발·평가,40,집체훈련현장실습,1.0,high,1.0,career_path_unit_link;classification_match;delivery_fit;gap_job_base_bridge;gap_qualification_bridge;level_fit;practice_delivery_fit;query_text_match;resolved_scope_unit_link;source_element_coverage;source_ksa_concept_overlap;source_unit_link;target_support_course_hint;time_depth_fit;time_efficiency;training_goal_element_implied_ksa_coverage;training_goal_ksa_coverage;transition_unit_link,True,True,0,15,39,0,0.32,0.0,0.2,0.0
49,auto_non_hr_04_02_02_01_019,평생교육 상황분석,평생교육 자원조사,True,1,799,평생교육 자원조사,5,교육·자연·사회과학,평생교육프로그램 기획·개발·평가,30,집체훈련현장견학현장실습,1.0,high,1.0,career_path_unit_link;classification_match;delivery_fit;gap_job_base_bridge;gap_ksa_concept_coverage;level_fit;practice_delivery_fit;query_text_match;resolved_scope_unit_link;source_element_coverage;source_ksa_concept_overlap;source_unit_link;target_qualification_signal;target_support_course_hint;time_depth_fit;time_efficiency;training_goal_element_implied_ksa_coverage;training_goal_ksa_coverage;transition_unit_link,True,True,0,6,12,0,0.221,0.0236,0.2,0.0
50,auto_non_hr_04_02_02_02_020,프로그램 현장관리,평생교육 실무행정,True,1,814,평생교육 실무행정,3,교육·자연·사회과학,평생교육프로그램 운영·상담·교수,30,집체훈련현장견학현장실습,1.0,high,1.0,career_path_unit_link;classification_match;delivery_fit;gap_job_base_bridge;level_fit;practice_delivery_fit;query_text_match;resolved_scope_unit_link;source_element_coverage;source_ksa_concept_overlap;source_unit_link;target_qualification_signal;target_support_course_hint;time_depth_fit;time_efficiency;training_goal_element_implied_ksa_coverage;training_goal_ksa_coverage;transition_unit_link,True,True,0,6,15,0,0.2875,0.0,0.2,0.0
51,auto_non_hr_04_02_02_02_021,평생교육 실무행정,프로그램 현장관리,True,1,806,프로그램 현장관리,3,교육·자연·사회과학,평생교육프로그램 운영·상담·교수,20,집체훈련현장견학현장실습,1.0,high,1.0,career_path_unit_link;classification_match;delivery_fit;gap_job_base_bridge;level_fit;practice_delivery_fit;query_text_match;resolved_scope_unit_link;source_element_coverage;source_ksa_concept_overlap;source_unit_link;target_qualification_signal;target_support_course_hint;time_depth_fit;time_efficiency;training_goal_element_implied_ksa_coverage;training_goal_ksa_coverage;transition_unit_link,True,True,0,10,26,0,0.32,0.0,0.2,0.0
52,auto_non_hr_04_02_02_02_022,평생교육 인적자원 관리,평생교육 네트워크 관리,True,1,812,평생교육 네트워크 관리,5,교육·자연·사회과학,평생교육프로그램 운영·상담·교수,30,집체훈련현장견학,1.0,high,1.0,career_path_unit_link;classification_match;delivery_fit;gap_job_base_bridge;level_fit;practice_delivery_fit;query_text_match;resolved_scope_unit_link;source_element_coverage;source_ksa_concept_overlap;source_unit_link;target_qualification_signal;target_support_course_hint;time_depth_fit;time_efficiency;training_goal_direct_ksa_coverage;training_goal_element_implied_ksa_coverage;training_goal_ksa_coverage;transition_unit_link,True,True,1,31,47,0,0.32,0.0,0.2,0.0
53,auto_non_hr_04_03_01_01_023,개인보유역량 분석,경력지도 관련정보 수집,True,1,816,경력지도 관련정보 수집,3,교육·자연·사회과학,경력지도,30,원격훈련집체훈련현장실습,1.0,high,1.0,career_path_unit_link;classification_match;delivery_fit;gap_job_base_bridge;gap_ksa_concept_coverage;level_fit;practice_delivery_fit;query_text_match;resolved_scope_unit_link;source_element_coverage;source_ksa_concept_overlap;source_unit_link;target_support_course_hint;time_depth_fit;time_efficiency;training_goal_element_implied_ksa_coverage;training_goal_ksa_coverage;transition_unit_link,True,True,0,1,33,0,0.32,0.0071,0.2,0.0
54,auto_non_hr_04_03_01_01_024,개인보유역량 분석,경력지도 설계,True,1,815,경력지도 설계,5,교육·자연·사회과학,경력지도,45,원격훈련집체훈련현장실습,1.0,high,1.0,career_path_unit_link;classification_match;delivery_fit;gap_job_base_bridge;gap_qualification_bridge;level_fit;query_text_match;resolved_scope_unit_link;source_element_coverage;source_ksa_concept_overlap;source_unit_link;target_support_course_hint;time_efficiency;training_goal_element_implied_ksa_coverage;training_goal_ksa_coverage;transition_unit_link,True,True,0,0,38,0,0.32,0.0,0.2,0.0
55,auto_non_hr_05_01_02_01_025,디자인 도면 서식 작성,3D 모델링,True,1,881,3D 모델링,2,법률·경찰·소방·교도·국방,지식재산관리,50,원격훈련집체훈련,1.0,high,1.0,classification_match;delivery_fit;gap_job_base_bridge;level_fit;practice_delivery_fit;query_text_match;resolved_scope_unit_link;source_element_coverage;source_ksa_concept_overlap;source_unit_link;target_qualification_signal;target_support_course_hint;training_goal_ksa_coverage;transition_unit_link,True,True,0,2,0,0,0.0473,0.0,0.2,0.0
56,auto_non_hr_05_01_02_01_026,3D 모델링,디자인 도면 서식 작성,True,1,882,디자인 도면 서식 작성,2,법률·경찰·소방·교도·국방,지식재산관리,45,원격훈련집체훈련,1.0,high,1.0,classification_match;delivery_fit;gap_job_base_bridge;level_fit;query_text_match;resolved_scope_unit_link;source_element_coverage;source_ksa_concept_overlap;source_unit_link;target_qualification_signal;target_support_course_hint;training_goal_element_implied_ksa_coverage;training_goal_ksa_coverage;transition_unit_link,True,True,0,0,10,0,0.1278,0.0,0.2,0.0
56,auto_non_hr_05_01_02_01_026,3D 모델링,디자인 도면 서식 작성,False,2,879,디자인 도면 작성,2,법률·경찰·소방·교도·국방,지식재산관리,90,원격훈련집체훈련,0.406,low,0.4057,classification_match;delivery_fit;level_fit;source_ksa_concept_overlap;target_job_base_signal;target_qualification_signal;target_support_course_hint;training_goal_element_implied_ksa_coverage;training_goal_ksa_coverage;transition_unit_link;unit_element_coverage,True,True,0,0,5,0,0.0639,0.0,0.035,0.0
57,auto_non_hr_05_01_02_01_027,3D 모델링,디자인 도면 작성,True,1,879,디자인 도면 작성,2,법률·경찰·소방·교도·국방,지식재산관리,90,원격훈련집체훈련,1.0,high,1.0,classification_match;delivery_fit;level_fit;query_text_match;resolved_scope_unit_link;source_element_coverage;source_ksa_concept_overlap;source_unit_link;target_job_base_signal;target_qualification_signal;target_support_course_hint;training_goal_element_implied_ksa_coverage;training_goal_ksa_coverage;transition_unit_link,True,True,0,0,15,0,0.1916,0.0,0.2,0.0
58,auto_non_hr_05_01_02_02_028,지식재산 거래 사후 관리,지식재산 거래 조건 협상,True,1,893,지식재산 거래 조건 협상,6,법률·경찰·소방·교도·국방,지식재산평가·거래,60,집체훈련,1.0,high,1.0,career_path_unit_link;classification_match;delivery_fit;gap_job_base_bridge;gap_ksa_concept_coverage;level_fit;query_text_match;resolved_scope_unit_link;source_element_coverage;source_ksa_concept_overlap;source_unit_link;target_support_course_hint;training_goal_ksa_coverage;training_goal_unit_core_ksa_coverage;transition_unit_link;weak_unit_core_only_goal_coverage,True,True,0,0,0,16,0.1139,0.0189,0.2,-0.035
59,auto_non_hr_05_01_02_02_029,지식재산 거래 사후 관리,지식재산 권리성 평가,True,1,889,지식재산 권리성 평가,6,법률·경찰·소방·교도·국방,지식재산평가·거래,80,집체훈련,1.0,high,1.0,career_path_unit_link;classification_match;delivery_fit;level_fit;query_text_match;resolved_scope_unit_link;source_element_coverage;source_ksa_concept_overlap;source_unit_link;target_job_base_signal;target_support_course_hint;training_goal_ksa_coverage;training_goal_unit_core_ksa_coverage;transition_unit_link;weak_unit_core_only_goal_coverage,True,True,0,0,0,16,0.0759,0.0,0.2,-0.035
60,auto_non_hr_05_01_02_02_030,지식재산 거래 사후 관리,지식재산 기술성 평가,True,1,888,지식재산 기술성 평가,6,법률·경찰·소방·교도·국방,지식재산평가·거래,80,집체훈련,1.0,high,1.0,career_path_unit_link;classification_match;delivery_fit;gap_job_base_bridge;gap_ksa_concept_coverage;level_fit;query_text_match;resolved_scope_unit_link;source_element_coverage;source_ksa_concept_overlap;source_unit_link;target_support_course_hint;training_goal_ksa_coverage;training_goal_unit_core_ksa_coverage;transition_unit_link;weak_unit_core_only_goal_coverage,True,True,0,0,0,16,0.0759,0.0159,0.2,-0.035
61,auto_non_hr_05_01_02_03_031,지식재산 정보검색,디자인 맵 검토,True,1,903,디자인 맵 검토,3,법률·경찰·소방·교도·국방,지식재산정보조사분석,30,원격훈련집체훈련,1.0,high,1.0,career_path_unit_link;classification_match;delivery_fit;gap_ksa_concept_coverage;level_fit;practice_delivery_fit;query_text_match;resolved_scope_unit_link;source_element_coverage;source_ksa_concept_overlap;source_unit_link;target_job_base_signal;target_qualification_signal;target_support_course_hint;time_depth_fit;training_goal_ksa_coverage;training_goal_unit_core_ksa_coverage;transition_unit_link;weak_unit_core_only_goal_coverage,True,True,0,0,0,12,0.0617,0.0024,0.2,-0.035
61,auto_non_hr_05_01_02_03_031,지식재산 정보검색,디자인 맵 검토,False,2,896,지식재산 정보검색,4,법률·경찰·소방·교도·국방,지식재산정보조사분석,50,원격훈련집체훈련현장실습,0.323,low,0.3233,classification_match;current_scope_support_bridge;delivery_fit;level_fit;source_ksa_concept_overlap;target_job_base_signal;target_qualification_signal;target_support_course_hint;time_efficiency;transition_unit_link;unit_element_coverage,True,True,0,0,0,0,0.0,0.0,0.045,-0.04
62,auto_non_hr_05_01_02_03_032,디자인 맵 검토,지식재산 정보검색,True,1,896,지식재산 정보검색,4,법률·경찰·소방·교도·국방,지식재산정보조사분석,50,원격훈련집체훈련현장실습,1.0,high,1.0,career_path_unit_link;classification_match;delivery_fit;gap_job_base_bridge;gap_ksa_concept_coverage;gap_qualification_bridge;level_fit;practice_delivery_fit;query_text_match;resolved_scope_unit_link;source_element_coverage;source_ksa_concept_overlap;source_unit_link;target_support_course_hint;training_goal_ksa_coverage;transition_unit_link,True,True,0,3,0,0,0.0671,0.0047,0.2,0.0
62,auto_non_hr_05_01_02_03_032,디자인 맵 검토,지식재산 정보검색,False,2,897,지식재산 유효자료 선별,5,법률·경찰·소방·교도·국방,지식재산정보조사분석,20,원격훈련집체훈련현장실습,0.572,medium,0.5716,classification_match;delivery_fit;gap_job_base_bridge;gap_ksa_concept_coverage;gap_qualification_bridge;level_fit;practice_delivery_fit;source_ksa_concept_overlap;target_support_course_hint;time_depth_fit;time_efficiency;training_goal_element_implied_ksa_coverage;training_goal_ksa_coverage;transition_unit_link;unit_element_coverage,True,True,0,2,5,0,0.1068,0.0024,0.045,0.0
63,auto_non_hr_06_01_01_01_033,의료기기 기술검수,의료기기 구매관리,True,1,1065,의료기기 구매관리,5,보건·의료,의료기기관리,40,집체훈련,1.0,high,1.0,career_path_unit_link;classification_match;delivery_fit;gap_ksa_concept_coverage;level_fit;practice_delivery_fit;query_text_match;resolved_scope_unit_link;source_element_coverage;source_ksa_concept_overlap;source_unit_link;target_job_base_signal;target_support_course_hint;time_depth_fit;time_efficiency;training_goal_element_implied_ksa_coverage;training_goal_ksa_coverage;transition_unit_link,True,True,0,10,48,0,0.32,0.005,0.2,0.0
63,auto_non_hr_06_01_01_01_033,의료기기 기술검수,의료기기 구매관리,False,2,1064,의료기기 관리업무 기획,7,보건·의료,의료기기관리,70,집체훈련,0.554,medium,0.5541,classification_match;delivery_fit;gap_ksa_concept_coverage;practice_delivery_fit;source_ksa_concept_overlap;target_job_base_signal;target_support_course_hint;training_goal_element_implied_ksa_coverage;training_goal_ksa_coverage;transition_unit_link;unit_element_coverage,True,True,0,1,15,0,0.2124,0.0262,0.03,0.0
64,auto_non_hr_06_01_01_01_034,의료기기 구매관리,의료기기 기술검수,True,1,1071,의료기기 기술검수,5,보건·의료,의료기기관리,50,집체훈련현장실습,1.0,high,1.0,career_path_unit_link;classification_match;delivery_fit;gap_job_base_bridge;gap_ksa_concept_coverage;level_fit;practice_delivery_fit;query_text_match;resolved_scope_unit_link;source_element_coverage;source_ksa_concept_overlap;source_unit_link;target_support_course_hint;time_efficiency;training_goal_element_implied_ksa_coverage;training_goal_ksa_coverage;transition_unit_link,True,True,0,4,15,0,0.32,0.0269,0.2,0.0
64,auto_non_hr_06_01_01_01_034,의료기기 구매관리,의료기기 기술검수,False,2,1065,의료기기 구매관리,5,보건·의료,의료기기관리,40,집체훈련,0.364,low,0.3637,classification_match;current_scope_support_bridge;delivery_fit;level_fit;source_ksa_concept_overlap;target_job_base_signal;target_support_course_hint;time_depth_fit;training_goal_element_implied_ksa_coverage;training_goal_ksa_coverage;transition_unit_link;unit_element_coverage,True,True,0,1,3,0,0.0472,0.0,0.045,-0.04
65,auto_non_hr_06_01_01_01_035,의료기기 구매관리,의료기기 기술관리,True,1,1068,의료기기 기술관리,5,보건·의료,의료기기관리,80,원격훈련집체훈련,1.0,high,1.0,career_path_unit_link;classification_match;delivery_fit;gap_job_base_bridge;level_fit;practice_delivery_fit;query_text_match;resolved_scope_unit_link;source_element_coverage;source_ksa_concept_overlap;source_unit_link;target_support_course_hint;time_efficiency;training_goal_element_implied_ksa_coverage;training_goal_ksa_coverage;transition_unit_link,True,True,0,7,69,0,0.32,0.0,0.2,0.0
66,auto_non_hr_06_01_01_08_036,물품전달,물품세척,True,1,1079,물품세척,2,보건·의료,요양지원,45,집체훈련현장견학현장실습,1.0,high,1.0,career_path_unit_link;classification_match;delivery_fit;gap_job_base_bridge;gap_ksa_concept_coverage;level_fit;practice_delivery_fit;query_text_match;resolved_scope_unit_link;source_element_coverage;source_ksa_concept_overlap;source_unit_link;target_support_course_hint;time_efficiency;training_goal_element_implied_ksa_coverage;training_goal_ksa_coverage;transition_unit_link,True,True,0,0,17,0,0.2979,0.0165,0.2,0.0
66,auto_non_hr_06_01_01_08_036,물품전달,물품세척,False,2,1080,오염물처리,2,보건·의료,요양지원,45,집체훈련현장견학현장실습,0.336,low,0.3359,classification_match;delivery_fit;gap_job_base_bridge;level_fit;source_ksa_concept_overlap;target_support_course_hint;training_goal_element_implied_ksa_coverage;training_goal_ksa_coverage;transition_unit_link;unit_element_coverage,True,True,0,0,1,0,0.0124,0.0,0.035,0.0
67,auto_non_hr_06_01_01_08_037,물품세척,물품전달,True,1,1075,물품전달,2,보건·의료,요양지원,30,집체훈련현장견학현장실습,1.0,high,1.0,career_path_unit_link;classification_match;delivery_fit;gap_job_base_bridge;level_fit;query_text_match;resolved_scope_unit_link;source_element_coverage;source_ksa_concept_overlap;source_unit_link;target_support_course_hint;time_depth_fit;training_goal_element_implied_ksa_coverage;training_goal_ksa_coverage;transition_unit_link,True,True,0,0,7,0,0.0869,0.0,0.2,0.0
68,auto_non_hr_06_01_01_08_038,물품세척,사고예방지원,True,1,1081,사고예방지원,2,보건·의료,요양지원,40,집체훈련현장견학현장실습,1.0,high,1.0,career_path_unit_link;classification_match;delivery_fit;gap_job_base_bridge;level_fit;practice_delivery_fit;query_text_match;resolved_scope_unit_link;source_element_coverage;source_ksa_concept_overlap;source_unit_link;target_support_course_hint;time_efficiency;training_goal_element_implied_ksa_coverage;training_goal_ksa_coverage;transition_unit_link,True,True,0,3,7,0,0.1415,0.0,0.2,0.0
69,auto_non_hr_06_01_01_09_039,다리 보조기 제작,의지・보조기 고객 상담,True,1,1084,의지・보조기 고객 상담,4,보건·의료,의지보조기제작·관리,140,집체훈련현장실습,1.0,high,1.0,classification_match;delivery_fit;gap_job_base_bridge;level_fit;query_text_match;resolved_scope_unit_link;source_element_coverage;source_ksa_concept_overlap;source_unit_link;target_support_course_hint;training_goal_ksa_coverage;training_goal_unit_core_ksa_coverage;transition_unit_link;weak_unit_core_only_goal_coverage,True,True,0,0,0,16,0.0759,0.0,0.2,-0.035
70,auto_non_hr_06_01_01_09_040,다리 의지 제작,의지・보조기 고객 평가,True,1,1085,의지・보조기 고객 평가,5,보건·의료,의지보조기제작·관리,140,집체훈련현장견학현장실습,1.0,high,1.0,classification_match;delivery_fit;gap_job_base_bridge;gap_ksa_concept_coverage;level_fit;practice_delivery_fit;query_text_match;resolved_scope_unit_link;source_element_coverage;source_ksa_concept_overlap;source_unit_link;target_support_course_hint;training_goal_element_implied_ksa_coverage;training_goal_ksa_coverage;transition_unit_link,True,True,0,1,9,0,0.1316,0.0038,0.2,0.0
71,auto_non_hr_07_01_01_01_041,지역 주민 조직화,지역사회 자원 관리,True,1,1174,지역사회 자원 관리,3,사회복지·종교,지역사회복지개발,8,집체훈련,1.0,high,1.0,career_path_unit_link;classification_match;delivery_fit;gap_job_base_bridge;level_fit;practice_delivery_fit;query_text_match;resolved_scope_unit_link;source_element_coverage;source_ksa_concept_overlap;source_unit_link;target_support_course_hint;time_depth_fit;time_efficiency;training_goal_element_implied_ksa_coverage;training_goal_ksa_coverage;transition_unit_link,True,True,0,5,14,0,0.2303,0.0,0.2,0.0
72,auto_non_hr_07_01_01_01_042,지역사회 네트워크,지역 주민 조직화,True,1,1173,지역 주민 조직화,4,사회복지·종교,지역사회복지개발,8,집체훈련,1.0,high,1.0,career_path_unit_link;classification_match;delivery_fit;gap_job_base_bridge;level_fit;practice_delivery_fit;query_text_match;resolved_scope_unit_link;source_element_coverage;source_ksa_concept_overlap;source_unit_link;target_support_course_hint;time_depth_risk;time_efficiency;training_goal_element_implied_ksa_coverage;training_goal_ksa_coverage;transition_unit_link,True,True,0,3,9,0,0.1693,0.0,0.2,0.0
72,auto_non_hr_07_01_01_01_042,지역사회 네트워크,지역 주민 조직화,False,2,1172,지역사회 네트워크,4,사회복지·종교,지역사회복지개발,8,집체훈련,0.384,low,0.3841,classification_match;current_scope_support_bridge;delivery_fit;gap_ksa_concept_coverage;level_fit;practice_delivery_fit;source_ksa_concept_overlap;target_job_base_signal;target_support_course_hint;time_depth_risk;time_efficiency;training_goal_element_implied_ksa_coverage;training_goal_ksa_coverage;transition_unit_link;unit_element_coverage,True,True,0,2,1,0,0.0571,0.0255,0.045,-0.04
73,auto_non_hr_07_01_01_01_043,지역 주민 조직화,지역사회 네트워크,True,1,1172,지역사회 네트워크,4,사회복지·종교,지역사회복지개발,8,집체훈련,1.0,high,1.0,career_path_unit_link;classification_match;delivery_fit;gap_job_base_bridge;gap_ksa_concept_coverage;level_fit;practice_delivery_fit;query_text_match;resolved_scope_unit_link;source_element_coverage;source_ksa_concept_overlap;source_unit_link;target_support_course_hint;time_depth_risk;time_efficiency;training_goal_element_implied_ksa_coverage;training_goal_ksa_coverage;transition_unit_link,True,True,0,7,16,0,0.32,0.0274,0.2,0.0
73,auto_non_hr_07_01_01_01_043,지역 주민 조직화,지역사회 네트워크,False,2,1173,지역 주민 조직화,4,사회복지·종교,지역사회복지개발,8,집체훈련,0.299,low,0.2989,classification_match;current_scope_support_bridge;delivery_fit;level_fit;source_ksa_concept_overlap;target_job_base_signal;target_support_course_hint;time_depth_risk;time_efficiency;training_goal_ksa_coverage;transition_unit_link;unit_element_coverage,True,True,0,1,0,0,0.0224,0.0,0.045,-0.04
74,auto_non_hr_07_01_01_02_044,사회복지조직 교육·훈련,사회복지조직 재무관리,True,1,1180,사회복지조직 재무관리,4,사회복지·종교,사회복지조직운영,8,집체훈련,1.0,high,1.0,career_path_unit_link;classification_match;delivery_fit;gap_job_base_bridge;level_fit;query_text_match;resolved_scope_unit_link;source_element_coverage;source_ksa_concept_overlap;source_unit_link;target_support_course_hint;time_depth_risk;time_efficiency;training_goal_ksa_coverage;training_goal_unit_core_ksa_coverage;transition_unit_link;weak_unit_core_only_goal_coverage,True,True,0,0,0,16,0.0759,0.0,0.2,-0.035
74,auto_non_hr_07_01_01_02_044,사회복지조직 교육·훈련,사회복지조직 재무관리,False,2,1177,사회복지조직 운영기획,7,사회복지·종교,사회복지조직운영,8,집체훈련,0.364,low,0.3645,classification_match;delivery_fit;gap_job_base_bridge;gap_ksa_concept_coverage;source_ksa_concept_overlap;target_support_course_hint;time_depth_risk;time_efficiency;training_goal_ksa_coverage;transition_unit_link;unit_element_coverage,True,True,0,2,0,0,0.0447,0.0509,0.03,0.0
75,auto_non_hr_07_01_01_02_045,사회복지조직 정보자원관리,사회복지조직 교육·훈련,True,1,1179,사회복지조직 교육·훈련,5,사회복지·종교,사회복지조직운영,8,집체훈련,1.0,high,1.0,career_path_unit_link;classification_match;delivery_fit;gap_job_base_bridge;level_fit;query_text_match;resolved_scope_unit_link;source_element_coverage;source_ksa_concept_overlap;source_unit_link;target_support_course_hint;time_depth_risk;time_efficiency;training_goal_ksa_coverage;training_goal_unit_core_ksa_coverage;transition_unit_link;weak_unit_core_only_goal_coverage,True,True,0,0,0,16,0.07,0.0,0.2,-0.035
75,auto_non_hr_07_01_01_02_045,사회복지조직 정보자원관리,사회복지조직 교육·훈련,False,2,1202,사회복지프로그램 점검,5,사회복지·종교,사회복지프로그램운영,8,집체훈련,0.412,low,0.4116,classification_match;delivery_fit;gap_job_base_bridge;gap_ksa_concept_coverage;level_fit;practice_delivery_fit;source_ksa_concept_overlap;time_depth_risk;time_efficiency;training_goal_element_implied_ksa_coverage;training_goal_ksa_coverage;transition_unit_link;unit_element_coverage,True,False,0,0,6,0,0.0745,0.0189,0.0,0.0
76,auto_non_hr_07_01_01_02_046,사회복지조직 교육·훈련,사회복지조직 정보자원관리,True,1,1181,사회복지조직 정보자원관리,5,사회복지·종교,사회복지조직운영,8,집체훈련,1.0,high,1.0,career_path_unit_link;classification_match;delivery_fit;gap_job_base_bridge;level_fit;query_text_match;resolved_scope_unit_link;source_element_coverage;source_ksa_concept_overlap;source_unit_link;target_support_course_hint;time_depth_risk;time_efficiency;training_goal_element_implied_ksa_coverage;training_goal_ksa_coverage;transition_unit_link,True,True,0,1,15,0,0.2166,0.0,0.2,0.0
77,auto_non_hr_07_01_01_03_047,대상자 발굴조사,사회복지프로그램 전산운용,True,1,1196,사회복지프로그램 전산운용,3,사회복지·종교,공공복지,8,집체훈련,1.0,high,1.0,career_path_unit_link;classification_match;delivery_fit;gap_job_base_bridge;gap_ksa_concept_coverage;level_fit;query_text_match;resolved_scope_unit_link;source_element_coverage;source_ksa_concept_overlap;source_unit_link;target_support_course_hint;time_depth_fit;time_efficiency;training_goal_ksa_coverage;training_goal_unit_core_ksa_coverage;transition_unit_link;weak_unit_core_only_goal_coverage,True,True,0,0,0,16,0.0997,0.0283,0.2,-0.035
77,auto_non_hr_07_01_01_03_047,대상자 발굴조사,사회복지프로그램 전산운용,False,2,1195,복지특이민원관리,6,사회복지·종교,공공복지,8,집체훈련,0.289,low,0.2887,classification_match;delivery_fit;gap_job_base_bridge;gap_ksa_concept_coverage;source_ksa_concept_overlap;target_support_course_hint;time_depth_risk;time_efficiency;transition_unit_link;unit_element_coverage,True,True,0,0,0,0,0.0,0.0071,0.03,0.0
78,auto_non_hr_07_01_01_03_048,복지대상자 지원,대상자 발굴조사,True,1,1190,대상자 발굴조사,4,사회복지·종교,공공복지,8,집체훈련,1.0,high,1.0,career_path_unit_link;classification_match;delivery_fit;gap_job_base_bridge;gap_ksa_concept_coverage;level_fit;query_text_match;resolved_scope_unit_link;source_element_coverage;source_ksa_concept_overlap;source_unit_link;target_support_course_hint;time_depth_risk;time_efficiency;training_goal_element_implied_ksa_coverage;training_goal_ksa_coverage;transition_unit_link,True,True,0,0,16,0,0.1986,0.0495,0.2,0.0
78,auto_non_hr_07_01_01_03_048,복지대상자 지원,대상자 발굴조사,False,2,1193,자격변동관리,4,사회복지·종교,공공복지,8,집체훈련,0.352,low,0.3521,classification_match;delivery_fit;gap_job_base_bridge;gap_ksa_concept_coverage;level_fit;source_ksa_concept_overlap;target_support_course_hint;time_depth_risk;time_efficiency;training_goal_ksa_coverage;transition_unit_link;unit_element_coverage,True,True,0,1,0,0,0.0224,0.0047,0.045,0.0
79,auto_non_hr_08_01_01_01_049,문화예술 실행 위기관리,문화예술 장소계획 수립,True,1,1407,문화예술 장소계획 수립,3,문화·예술·디자인·방송,문화·예술기획,30,집체훈련현장견학,1.0,high,1.0,career_path_unit_link;classification_match;delivery_fit;gap_job_base_bridge;level_fit;practice_delivery_fit;query_text_match;resolved_scope_unit_link;source_element_coverage;source_ksa_concept_overlap;source_unit_link;target_support_course_hint;time_depth_fit;training_goal_ksa_coverage;transition_unit_link,True,True,0,3,0,0,0.0722,0.0,0.2,0.0
80,auto_non_hr_08_01_01_01_050,문화예술 인력구성,문화예술 실행 위기관리,True,1,1411,문화예술 실행 위기관리,4,문화·예술·디자인·방송,문화·예술기획,30,집체훈련,1.0,high,1.0,career_path_unit_link;classification_match;delivery_fit;gap_job_base_bridge;level_fit;practice_delivery_fit;query_text_match;resolved_scope_unit_link;source_element_coverage;source_ksa_concept_overlap;source_unit_link;target_support_course_hint;time_depth_fit;time_efficiency;training_goal_element_implied_ksa_coverage;training_goal_ksa_coverage;transition_unit_link,True,True,0,8,12,0,0.2559,0.0,0.2,0.0
81,auto_non_hr_08_01_01_01_051,문화예술 실행 위기관리,문화예술 인력구성,True,1,1408,문화예술 인력구성,4,문화·예술·디자인·방송,문화·예술기획,75,집체훈련,1.0,high,1.0,career_path_unit_link;classification_match;delivery_fit;gap_job_base_bridge;gap_ksa_concept_coverage;level_fit;practice_delivery_fit;query_text_match;resolved_scope_unit_link;source_element_coverage;source_ksa_concept_overlap;source_unit_link;target_support_course_hint;training_goal_ksa_coverage;transition_unit_link,True,True,0,2,0,0,0.0671,0.0208,0.2,0.0
82,auto_non_hr_08_01_01_02_052,문화 정보 기획,지원 사업 운영,True,1,1418,지원 사업 운영,4,문화·예술·디자인·방송,문화·예술행정,30,집체훈련,1.0,high,1.0,career_path_unit_link;classification_match;delivery_fit;gap_job_base_bridge;gap_ksa_concept_coverage;level_fit;query_text_match;resolved_scope_unit_link;source_element_coverage;source_ksa_concept_overlap;source_unit_link;target_support_course_hint;time_depth_fit;training_goal_ksa_coverage;training_goal_unit_core_ksa_coverage;transition_unit_link;weak_unit_core_only_goal_coverage,True,True,0,0,0,16,0.0949,0.0212,0.2,-0.035
83,auto_non_hr_08_01_01_02_053,문화예술 인력 지원,문화 정보 기획,True,1,1414,문화 정보 기획,5,문화·예술·디자인·방송,문화·예술행정,30,원격훈련집체훈련,1.0,high,1.0,career_path_unit_link;classification_match;delivery_fit;gap_job_base_bridge;gap_ksa_concept_coverage;level_fit;query_text_match;resolved_scope_unit_link;source_element_coverage;source_ksa_concept_overlap;source_unit_link;target_support_course_hint;time_depth_fit;training_goal_ksa_coverage;transition_unit_link,True,True,0,2,0,0,0.0894,0.0226,0.2,0.0
84,auto_non_hr_08_01_01_02_054,문화 정보 기획,문화예술 인력 지원,True,1,1419,문화예술 인력 지원,5,문화·예술·디자인·방송,문화·예술행정,30,원격훈련집체훈련,1.0,high,1.0,career_path_unit_link;classification_match;delivery_fit;gap_job_base_bridge;level_fit;query_text_match;resolved_scope_unit_link;source_element_coverage;source_ksa_concept_overlap;source_unit_link;target_support_course_hint;time_depth_fit;time_efficiency;training_goal_element_implied_ksa_coverage;training_goal_ksa_coverage;transition_unit_link,True,True,0,8,22,0,0.32,0.0,0.2,0.0
85,auto_non_hr_08_01_01_03_055,문화예술 고객관리,문화예술 경영지원관리,True,1,1429,문화예술 경영지원관리,3,문화·예술·디자인·방송,문화·예술경영,20,집체훈련,1.0,high,1.0,career_path_unit_link;classification_match;delivery_fit;gap_job_base_bridge;level_fit;query_text_match;resolved_scope_unit_link;source_element_coverage;source_ksa_concept_overlap;source_unit_link;target_support_course_hint;time_depth_fit;time_efficiency;training_goal_element_implied_ksa_coverage;training_goal_ksa_coverage;transition_unit_link,True,True,0,4,9,0,0.1515,0.0,0.2,0.0
86,auto_non_hr_08_01_01_03_056,문화예술 마케팅 실행,문화예술 고객관리,True,1,1428,문화예술 고객관리,4,문화·예술·디자인·방송,문화·예술경영,20,집체훈련현장실습,1.0,high,1.0,career_path_unit_link;classification_match;delivery_fit;level_fit;query_text_match;resolved_scope_unit_link;source_element_coverage;source_ksa_concept_overlap;source_unit_link;target_job_base_signal;target_support_course_hint;time_depth_fit;time_efficiency;training_goal_element_implied_ksa_coverage;training_goal_ksa_coverage;transition_unit_link,True,True,0,12,9,0,0.2957,0.0,0.2,0.0
87,auto_non_hr_09_01_01_01_057,운행 전후 차량 점검,비상상황대처,True,1,2237,비상상황대처,2,운전·운송,여객운송,20,집체훈련,1.0,high,1.0,career_path_unit_link;classification_match;delivery_fit;gap_job_base_bridge;level_fit;query_text_match;resolved_scope_unit_link;source_element_coverage;source_ksa_concept_overlap;source_unit_link;target_support_course_hint;time_depth_fit;time_efficiency;training_goal_ksa_coverage;transition_unit_link,True,True,0,1,0,0,0.0224,0.0,0.2,0.0
88,auto_non_hr_09_01_01_01_058,비상상황대처,운행 전후 차량 점검,True,1,2234,운행 전후 차량 점검,2,운전·운송,여객운송,20,집체훈련,1.0,high,1.0,career_path_unit_link;classification_match;delivery_fit;gap_job_base_bridge;level_fit;practice_delivery_fit;query_text_match;resolved_scope_unit_link;source_element_coverage;source_ksa_concept_overlap;source_unit_link;target_support_course_hint;time_depth_fit;time_efficiency;training_goal_ksa_coverage;transition_unit_link,True,True,0,3,0,0,0.0615,0.0,0.2,0.0
88,auto_non_hr_09_01_01_01_058,비상상황대처,운행 전후 차량 점검,False,2,2235,승객 승ㆍ하차지원,3,운전·운송,여객운송,20,집체훈련현장실습,0.43,low,0.4302,classification_match;delivery_fit;gap_job_base_bridge;gap_ksa_concept_coverage;level_fit;practice_delivery_fit;source_ksa_concept_overlap;target_support_course_hint;time_depth_fit;time_efficiency;transition_unit_link;unit_element_coverage,True,True,0,0,0,0,0.0,0.0354,0.035,0.0
89,auto_non_hr_09_01_01_01_059,운행결과보고,승객 승ㆍ하차지원,True,1,2235,승객 승ㆍ하차지원,3,운전·운송,여객운송,20,집체훈련현장실습,1.0,high,1.0,career_path_unit_link;classification_match;delivery_fit;gap_job_base_bridge;level_fit;practice_delivery_fit;query_text_match;resolved_scope_unit_link;source_element_coverage;source_ksa_concept_overlap;source_unit_link;target_support_course_hint;time_depth_fit;time_efficiency;training_goal_ksa_coverage;transition_unit_link,True,True,0,2,0,0,0.0498,0.0,0.2,0.0
90,auto_non_hr_09_01_01_02_060,화물자동차운전준비,화물자동차운전,True,1,2247,화물자동차운전,2,운전·운송,화물운송,24,집체훈련현장실습,1.0,high,1.0,career_path_unit_link;classification_match;delivery_fit;gap_job_base_bridge;level_fit;practice_delivery_fit;query_text_match;resolved_scope_unit_link;source_element_coverage;source_ksa_concept_overlap;source_unit_link;target_support_course_hint;time_depth_fit;time_efficiency;training_goal_element_implied_ksa_coverage;training_goal_ksa_coverage;transition_unit_link,True,True,0,3,11,0,0.1948,0.0,0.2,0.0
90,auto_non_hr_09_01_01_02_060,화물자동차운전준비,화물자동차운전,False,2,2248,사고·장애상황대처,3,운전·운송,화물운송,36,집체훈련현장실습,0.604,medium,0.6036,classification_match;delivery_fit;gap_job_base_bridge;gap_ksa_concept_coverage;level_fit;practice_delivery_fit;source_ksa_concept_overlap;target_support_course_hint;time_efficiency;training_goal_element_implied_ksa_coverage;training_goal_ksa_coverage;transition_unit_link;unit_element_coverage,True,True,0,5,13,0,0.2136,0.0479,0.035,0.0
91,auto_non_hr_09_01_01_02_061,화물자동차운전,화물자동차운전준비,True,1,2246,화물자동차운전준비,2,운전·운송,화물운송,24,집체훈련현장실습,1.0,high,1.0,career_path_unit_link;classification_match;delivery_fit;level_fit;practice_delivery_fit;query_text_match;resolved_scope_unit_link;source_element_coverage;source_ksa_concept_overlap;source_unit_link;target_job_base_signal;target_support_course_hint;time_depth_fit;time_efficiency;training_goal_element_implied_ksa_coverage;training_goal_ksa_coverage;transition_unit_link,True,True,0,4,30,0,0.32,0.0,0.2,0.0
92,auto_non_hr_09_01_01_02_062,화물자동차운전,화물정보시스템활용,True,1,2244,화물정보시스템활용,2,운전·운송,화물운송,24,집체훈련,1.0,high,1.0,career_path_unit_link;classification_match;delivery_fit;gap_job_base_bridge;level_fit;practice_delivery_fit;query_text_match;resolved_scope_unit_link;source_element_coverage;source_ksa_concept_overlap;source_unit_link;target_support_course_hint;time_depth_fit;time_efficiency;training_goal_element_implied_ksa_coverage;training_goal_ksa_coverage;transition_unit_link,True,True,0,19,25,0,0.32,0.0,0.2,0.0
93,auto_non_hr_09_01_01_03_063,수송포장 고객 요구사항 처리,수송포장 작업 수행,True,1,2260,수송포장 작업 수행,2,운전·운송,수송포장,35,원격훈련집체훈련현장실습,1.0,high,1.0,career_path_unit_link;classification_match;delivery_fit;level_fit;query_text_match;resolved_scope_unit_link;source_element_coverage;source_ksa_concept_overlap;source_unit_link;target_job_base_signal;target_support_course_hint;time_efficiency;training_goal_element_implied_ksa_coverage;training_goal_ksa_coverage;transition_unit_link,True,True,0,7,52,0,0.32,0.0,0.2,0.0
94,auto_non_hr_09_01_01_03_064,수송포장 대상제품 분석,수송포장 고객 요구사항 처리,True,1,2259,수송포장 고객 요구사항 처리,3,운전·운송,수송포장,15,원격훈련집체훈련현장실습,1.0,high,1.0,career_path_unit_link;classification_match;delivery_fit;gap_job_base_bridge;gap_ksa_concept_coverage;level_fit;query_text_match;resolved_scope_unit_link;source_element_coverage;source_ksa_concept_overlap;source_unit_link;target_support_course_hint;time_depth_fit;time_efficiency;training_goal_element_implied_ksa_coverage;training_goal_ksa_coverage;transition_unit_link,True,True,0,3,15,0,0.2632,0.0184,0.2,0.0
95,auto_non_hr_10_01_01_01_065,영업 계약체결관리,영업 계약이행관리,True,1,2520,영업 계약이행관리,3,영업판매,일반영업,20,원격훈련집체훈련,1.0,high,1.0,career_path_unit_link;classification_match;delivery_fit;gap_job_base_bridge;level_fit;query_text_match;resolved_scope_unit_link;source_element_coverage;source_ksa_concept_overlap;source_unit_link;target_support_course_hint;time_depth_fit;time_efficiency;training_goal_ksa_coverage;training_goal_unit_core_ksa_coverage;transition_unit_link;weak_unit_core_only_goal_coverage,True,True,0,0,0,16,0.0759,0.0,0.2,-0.035
96,auto_non_hr_10_01_01_01_066,영업 계약이행관리,영업 계약체결관리,True,1,2519,영업 계약체결관리,3,영업판매,일반영업,20,원격훈련집체훈련,1.0,high,1.0,career_path_unit_link;classification_match;delivery_fit;gap_job_base_bridge;gap_ksa_concept_coverage;level_fit;practice_delivery_fit;query_text_match;resolved_scope_unit_link;source_element_coverage;source_ksa_concept_overlap;source_unit_link;target_support_course_hint;time_depth_fit;time_efficiency;training_goal_element_implied_ksa_coverage;training_goal_ksa_coverage;transition_unit_link,True,True,0,1,9,0,0.1341,0.0189,0.2,0.0
97,auto_non_hr_10_01_01_01_067,영업 계약이행관리,영업 고객발굴,True,1,2517,영업 고객발굴,3,영업판매,일반영업,20,원격훈련집체훈련,1.0,high,1.0,career_path_unit_link;classification_match;delivery_fit;gap_job_base_bridge;level_fit;query_text_match;resolved_scope_unit_link;source_element_coverage;source_ksa_concept_overlap;source_unit_link;target_support_course_hint;time_depth_fit;time_efficiency;training_goal_element_implied_ksa_coverage;training_goal_ksa_coverage;transition_unit_link,True,True,0,1,23,0,0.3078,0.0,0.2,0.0
98,auto_non_hr_10_01_01_02_068,해외 잠재고객 발굴,해외영업 계약 이행 관리,True,1,2532,해외영업 계약 이행 관리,2,영업판매,해외영업,30,집체훈련,1.0,high,1.0,career_path_unit_link;classification_match;delivery_fit;gap_ksa_concept_coverage;level_fit;practice_delivery_fit;query_text_match;resolved_scope_unit_link;source_element_coverage;source_ksa_concept_overlap;source_unit_link;target_job_base_signal;target_support_course_hint;time_depth_fit;training_goal_ksa_coverage;training_goal_unit_core_ksa_coverage;transition_unit_link;weak_unit_core_only_goal_coverage,True,True,0,0,0,16,0.0949,0.0259,0.2,-0.035
98,auto_non_hr_10_01_01_02_068,해외 잠재고객 발굴,해외영업 계약 이행 관리,False,2,2534,해외고객 관리,5,영업판매,해외영업,20,집체훈련,0.31,low,0.31,classification_match;delivery_fit;source_ksa_concept_overlap;target_job_base_signal;target_support_course_hint;time_depth_fit;time_efficiency;training_goal_ksa_coverage;training_goal_unit_core_ksa_coverage;transition_unit_link;unit_element_coverage;weak_unit_core_only_goal_coverage,True,True,0,0,0,3,0.0142,0.0,0.045,-0.035
99,auto_non_hr_10_01_01_02_069,해외거래 제안,해외 잠재고객 발굴,True,1,2528,해외 잠재고객 발굴,3,영업판매,해외영업,20,집체훈련,1.0,high,1.0,career_path_unit_link;classification_match;delivery_fit;gap_job_base_bridge;gap_ksa_concept_coverage;level_fit;practice_delivery_fit;query_text_match;resolved_scope_unit_link;source_element_coverage;source_ksa_concept_overlap;source_unit_link;target_support_course_hint;time_depth_fit;time_efficiency;training_goal_element_implied_ksa_coverage;training_goal_ksa_coverage;transition_unit_link,True,True,0,0,26,0,0.32,0.0189,0.2,0.0
100,auto_non_hr_10_01_01_02_070,해외 잠재고객 발굴,해외거래 제안,True,1,2529,해외거래 제안,3,영업판매,해외영업,20,집체훈련,1.0,high,1.0,career_path_unit_link;classification_match;delivery_fit;gap_job_base_bridge;level_fit;query_text_match;resolved_scope_unit_link;source_element_coverage;source_ksa_concept_overlap;source_unit_link;target_support_course_hint;time_depth_fit;time_efficiency;training_goal_element_implied_ksa_coverage;training_goal_ksa_coverage;transition_unit_link,True,True,0,0,20,0,0.2482,0.0,0.2,0.0
100,auto_non_hr_10_01_01_02_070,해외 잠재고객 발굴,해외거래 제안,False,2,2530,해외고객 협상,5,영업판매,해외영업,30,집체훈련,0.444,low,0.4437,classification_match;delivery_fit;gap_job_base_bridge;gap_ksa_concept_coverage;practice_delivery_fit;source_ksa_concept_overlap;target_support_course_hint;time_depth_fit;training_goal_element_implied_ksa_coverage;training_goal_ksa_coverage;transition_unit_link;unit_element_coverage,True,True,0,1,3,0,0.0621,0.0262,0.045,0.0
